occupation,male,female
"""Managing Director - Portfolio Performance"" [Donnees Non Publiees]",1,0
"""Market Maker"" (Activite De Trading Algorithmique)",2,0
-,0,2
- Cabinet De Medecine Generale [Donnees Non Publiees],0,1
- Conseillere Departementale De 2015 A 2021. - Vice-Presidente Depuis 2021,0,1
/,0,2
0,1,2
> Maire-Adjoint Elue En Charge De La Jeunesse De 2014 A 2020. > Conseillere Municipale Depuis 2020,0,1
[Donnees Non Publiees] (Reseau Immobilier). [Donnees Non Publiees],1,0
[Donnees Non Publiees] (Superviseur Vente B2C),0,1
[Donnees Non Publiees] - [Donnees Non Publiees],0,2
[Donnees Non Publiees] - Cadre,2,0
[Donnees Non Publiees] - Fonctionnaire Territoriale.,0,1
[Donnees Non Publiees] - Retraitee,0,1
[Donnees Non Publiees] - Retraitee [Donnees Non Publiees],0,1
[Donnees Non Publiees] . Salariee,0,1
[Donnees Non Publiees] / Agent De Maitrise,1,0
[Donnees Non Publiees] [Donnees Non Publiees],8,24
[Donnees Non Publiees] [Donnees Non Publiees] Agent Immobilier [Donnees Non Publiees],0,1
"[Donnees Non Publiees] [Donnees Non Publiees] Autoentrepreneure En Formation : Culture, Tourisme ,Communication . [Donnees Non Publiees]",0,1
[Donnees Non Publiees] [Donnees Non Publiees] Cadre [Donnees Non Publiees],0,1
[Donnees Non Publiees] [Donnees Non Publiees] Depute [Donnees Non Publiees] [Donnees Non Publiees],0,1
[Donnees Non Publiees] [Donnees Non Publiees] Exploitation Agricole [Donnees Non Publiees],0,1
[Donnees Non Publiees] [Donnees Non Publiees] Retraite De L'Education Nationale.,1,0
[Donnees Non Publiees] [Donnees Non Publiees] Technicien Superieur Hospitalier [Donnees Non Publiees],1,0
[Donnees Non Publiees] A La Retraite [Donnees Non Publiees],2,0
[Donnees Non Publiees] Accompagnant D'Eleve En Situation De Handicap [Donnees Non Publiees],0,2
[Donnees Non Publiees] Accueil,0,4
[Donnees Non Publiees] Adjoint Administratif [Donnees Non Publiees],0,2
[Donnees Non Publiees] Agence D'Assurance.,0,2
[Donnees Non Publiees] Agence De Communication,0,2
[Donnees Non Publiees] Agent Immobilier [Donnees Non Publiees],0,2
[Donnees Non Publiees] Agent Immobilier. [Donnees Non Publiees],1,0
[Donnees Non Publiees] Ambassadrice [Donnees Non Publiees],0,2
[Donnees Non Publiees] Aquaculture En Mer [Donnees Non Publiees],2,0
[Donnees Non Publiees] Aquaculture En Mer Patente Prise Le 27 Mars 2007,1,0
[Donnees Non Publiees] Au Chu De Caen. Praticien Hospitalier [Donnees Non Publiees],0,1
[Donnees Non Publiees] Auto-Entrepreneur (Ingenieur-Conseil En Tele-Communication).,1,0
[Donnees Non Publiees] Avocate Penaliste Au Barreau De Paris. [Donnees Non Publiees],0,1
[Donnees Non Publiees] Cabinet,1,0
[Donnees Non Publiees] Cabinet Du Ministre De L'Interieur Et Des Outre-Mer,0,1
[Donnees Non Publiees] Cadre,4,0
[Donnees Non Publiees] Cadre [Donnees Non Publiees],0,1
[Donnees Non Publiees] Cadre De Sante [Donnees Non Publiees],0,1
[Donnees Non Publiees] Centre Communal D'Action Sociale [Donnees Non Publiees],0,1
[Donnees Non Publiees] Centre Scientifique Monegasque,1,0
[Donnees Non Publiees] Chargee De Developpement Et Communication [Donnees Non Publiees],0,1
[Donnees Non Publiees] Cheffe D'Entreprise [Donnees Non Publiees] [Donnees Non Publiees] Societe De Vente En Ligne De Graines D'Arbres D'Arbustes Et De Plantes.,0,1
[Donnees Non Publiees] Chu De Caen. Praticien Hospitalier [Donnees Non Publiees] Emploi A Temps Plein.,0,1
[Donnees Non Publiees] Coiffeuse.,0,1
[Donnees Non Publiees] Collaborateur,0,2
[Donnees Non Publiees] Collaborateur [Donnees Non Publiees],0,1
"[Donnees Non Publiees] Collaborateur, [Donnees Non Publiees]",0,1
[Donnees Non Publiees] Collaboratrice Parlementaire,0,1
[Donnees Non Publiees] Commerce De Detail Alimentaire Sur Eventaires Et Marches,3,0
[Donnees Non Publiees] Concierge,0,2
[Donnees Non Publiees] Conseiller En Courtage De Patrimoine,1,0
[Donnees Non Publiees] Coordonnateur General,2,0
[Donnees Non Publiees] Dans L'Enseignement Prive,0,2
[Donnees Non Publiees] Dans Le Domaine De L Informatique,2,0
[Donnees Non Publiees] Dirigeant,1,0
[Donnees Non Publiees] Douanes,1,0
[Donnees Non Publiees] Drh,0,1
[Donnees Non Publiees] Employe Patrimoine Cdd Public,1,0
[Donnees Non Publiees] Employee D'Un Cabinet D'Assurance.,0,1
[Donnees Non Publiees] Entreprise Cotral,1,0
[Donnees Non Publiees] Entreprise Individuelle De Coaching,0,1
[Donnees Non Publiees] Exerce Au Sein De Tactis Des Fonctions De Responsable Du Controle De Gestion.,1,0
[Donnees Non Publiees] Expert De L'Impression En Continu Pour L'Industrie,0,3
[Donnees Non Publiees] Exploitante Agricole,0,2
[Donnees Non Publiees] Exploitation Agricole En Caprin Lait,4,0
[Donnees Non Publiees] Fonctionnaire,2,0
[Donnees Non Publiees] Fonctionnaire Territorial Categorie C,0,1
[Donnees Non Publiees] Fonctionnaire Territoriale.,0,1
[Donnees Non Publiees] Inspecteur Divisionnaire Hors Classe,0,1
[Donnees Non Publiees] Inspecteur Divisionnaire Hors Classe.,0,1
[Donnees Non Publiees] Manager [Donnees Non Publiees],1,0
[Donnees Non Publiees] Membre Du Comite Executif De L'Anses,0,1
[Donnees Non Publiees] Museum D'Histoire Naturelle,0,2
[Donnees Non Publiees] Neant,4,0
[Donnees Non Publiees] Non-Exploitante Agricole Et Retraitee Du Regime General,0,1
[Donnees Non Publiees] Praticien Hospitalier.,0,1
[Donnees Non Publiees] Reseau Immobilier [Donnees Non Publiees],1,0
[Donnees Non Publiees] Ressources Humaines,0,2
[Donnees Non Publiees] Retraite,3,0
[Donnees Non Publiees] Retraite [Donnees Non Publiees],2,0
[Donnees Non Publiees] Retraite Au 30/03/2021,2,0
[Donnees Non Publiees] Retraite De L'Education Nationale.,2,0
[Donnees Non Publiees] Retraite Sapeur-Pompier Militaire De Paris,1,0
[Donnees Non Publiees] Retraitee,0,6
[Donnees Non Publiees] Retraitee [Donnees Non Publiees],0,3
[Donnees Non Publiees] Sarl Editions Palladion,2,0
[Donnees Non Publiees] Sarl Maki Papier Recycle Confection Artisanale Articles Papeteries,0,2
[Donnees Non Publiees] Service Informatique,0,2
[Donnees Non Publiees] Simplic,3,0
[Donnees Non Publiees] Societe De Conseils.,4,0
[Donnees Non Publiees] Technicien Superieur Hospitalier [Donnees Non Publiees],1,0
[Donnees Non Publiees] Telesecretaire,0,1
[Donnees Non Publiees] Vendeuse [Donnees Non Publiees],0,2
Absence D'Activites Professionnelles,0,1
Accompagnant D'Eleve En Situation De Handicap [Donnees Non Publiees],0,1
Accompagnante D'Eleves En Situation De Handicap (Aesh),0,2
Accompagnement A Domicile Des Personnes En Fin De Vie.,0,2
Accompagnement Enfants En Situation De Handicap En Milieu Scolaire,0,2
Achat Revente,1,0
Achats Ventes Antiquites Brocante,2,0
Acheteur [Donnees Non Publiees],1,0
Acheteuse Bois [Donnees Non Publiees],0,4
Actionnaire,2,0
"Activite : Ingenierie , Conception De Salles D'Affinage De Fromages [Donnees Non Publiees]",2,0
Activite Agricole,2,0
Activite Commerciale,0,1
Activite D'Avocate Liberale En Droit De La Fonction Publique [Donnees Non Publiees],0,2
Activite D'Infirmiere Liberale,0,1
Activite De Location De Gites [Donnees Non Publiees],1,0
Activite De Photographe Professionnelle. [Donnees Non Publiees],0,2
Activite De Vaccinateur [Donnees Non Publiees] Centre De Vaccination A Pontivy,0,1
Activite Immobiliere,0,2
Activite Industrielle De Production De Fils,2,0
Activite Liberale Avocat,0,2
Activite Medicale,1,0
Activite Services Annexe A L'Elevage,1,0
Activites Artistiques,0,1
"Activites Bancaires, Coordinateur D'Audit",0,2
Activites Bien Etre,0,1
"Activites Commerciales, Distribution Specialisee Activites Immobilieres",1,0
Activites D'Agence Immobiliere,0,1
Activites De Bien Etre Garde D'Enfants,0,1
Activites De Soutien A L'Enseignement,0,1
Actrice Realisatrice Et Productrice.,0,2
Adjoint,0,1
Adjoint Administratif,1,11
Adjoint Administratif [Donnees Non Publiees],0,2
Adjoint Au Maire De Nice [Donnees Non Publiees],1,0
Adjoint Au Maire De Reims Et Conseiller Departemental De La Marne Auto-Entrepreneur Dans La Vente De Champagne,2,0
Adjoint D'Animation,0,1
Adjoint Production [Donnees Non Publiees],1,0
Adjoint Technique,3,3
Adjoint Technique [Donnees Non Publiees],1,0
Adjoint Technique [Donnees Non Publiees] Fonctionnaire Territorial,1,0
Adjoint Technique Charge De Maintenance [Donnees Non Publiees],1,0
Adjoint Territorial [Donnees Non Publiees],2,0
Adjointe [Donnees Non Publiees],0,1
Adjointe Administrative,0,9
Adjointe Admnistrative,0,2
Adjointe Au Chef De Service Dependance,0,1
Adjointe Au Maire De Bordeaux [Donnees Non Publiees],0,2
Adjointe Aux Cadres,0,2
Adjointe Technique Territoriale,0,2
Adjudant En Charge De La Section Equipement,1,0
Administrateur,10,0
Administrateur De L'Etat Detache A L'Igesr,2,0
Administrateur Reseau,2,0
Administrateur Reseau Systemes D'Information Finances,0,3
Administration De Biens,0,2
Administrative,0,4
Administratrice Civile,0,3
Administratrice Generale Adjointe,0,1
Admitratif,0,1
Aesh,0,6
Aesh [Donnees Non Publiees],0,4
Aesh [Donnees Non Publiees] [Donnees Non Publiees],0,1
Affreteur,1,0
Agence De Communication,0,1
Agence De Communication / Maison D'Edition Et De Production,1,0
Agence Immobiliere,0,3
Agencement D'Interieur,2,0
Agent,7,1
Agent [Donnees Non Publiees],0,2
Agent Administraif,0,2
Agent Administratif,0,9
Agent Administratif [Donnees Non Publiees],0,4
Agent Administratif Communal,2,0
Agent Aupres Des Enfants [Donnees Non Publiees],0,1
Agent Categorie C,2,0
Agent Commercial,1,0
Agent Commercial (Profession Liberale) Secteur : Pyrotechnie,3,0
Agent Commercial Dans L'Immobilier.,0,3
Agent Commercial Mandataire En Immobilier,1,0
Agent Comptable,0,3
Agent D'Accompagnement Dans Une Association Intermediaire,0,1
Agent D'Animation Periscolaire,0,3
Agent D'Appui Administratif,0,1
Agent D'Assurance,2,0
Agent D'Atelier,0,2
Agent D'Entretien Qualifie.,2,0
Agent D'Execution [Donnees Non Publiees],0,2
Agent D'Exploitation,2,0
Agent D'Exploitation Des Routes,1,0
Agent Dassurance [Donnees Non Publiees],0,1
Agent De Constatation Des Douanesfonctionnaire,1,0
Agent De Maitrise,1,0
Agent De Maitrise [Donnees Non Publiees],2,0
Agent De Maitrise- Fonctionnaire Territorial,2,0
Agent De Service Hospitalier,0,2
Agent De Voie Et De Manuvre Au Fret,1,0
Agent De Voyage,0,1
Agent Des Impots,0,6
Agent Des Services Fiscaux,0,1
Agent En Retraite,2,0
Agent General D'Assurance,1,0
Agent General D'Assurances,1,0
Agent Immobilier,4,2
Agent Immobilier [Donnees Non Publiees],0,2
Agent Immobilier Sous L'Enseigne Safti,2,0
Agent Logistique Transport,1,0
Agent Maison Departementale Des Personnes Handicapees (Mdph),0,2
Agent Maitrise [Donnees Non Publiees],2,0
Agent Municipal [Donnees Non Publiees],0,2
Agent Polyvalent,1,2
Agent Professionnel,0,4
Agent Qualite Et Formation,0,1
Agent Relation Abonnes,0,1
Agent Retraite,2,0
Agent Technique [Donnees Non Publiees],0,2
Agent Technique Des Lycees,2,0
Agent Territorial,1,2
Agent Territorial [Donnees Non Publiees],0,2
Agent Territorial Contractuel - [Donnees Non Publiees],0,1
Agent Territorial Contractuel [Donnees Non Publiees],0,1
Agent Territorial Specialise [Donnees Non Publiees],0,2
Agent Territoriale [Donnees Non Publiees],0,3
Agent Transport Maritime ----------------------- [Donnees Non Publiees],1,0
Agentcommercial,1,0
Agentd'Ecole,0,2
Agente Administrative,0,1
Agente De Securite Sociale,0,1
Agricole,0,1
Agriculteur,17,0
Agriculteur [Donnees Non Publiees],1,0
Agriculteur Cerealier,1,0
Agriculteur En Gaec,2,0
"Agriculteur, [Donnees Non Publiees]",0,1
Agriculteur-Eleveur Retraite,2,0
Agricultrice,0,5
Agricultrice Retraitee,0,1
Agricultrice-Conjointe-Collaboratrice,0,1
Agriculture,4,3
Agriculture Biologique,0,3
Aide A Domicile,0,1
Aide A La Personne,0,1
Aide Auxiliaire De Puericulture,0,1
Aide Bobineur Ouvrier,2,0
Aide Comptable,0,3
Aide Medicale En Psychologie,0,3
Aide Medico Psycologique En Ehpad [Donnees Non Publiees],0,3
Aide Menagere,0,2
Aide Operatoire,0,1
Aide Soignant,0,1
Aide Soignante,0,8
Aide Soignante - Had,0,1
Aide Soignante [Donnees Non Publiees],0,6
Aide Soignante Agricultrice,0,1
"Aide Soignante, Assistante Dentaire.",0,1
Aide-Soignant,2,0
Aide-Soignante,0,4
Aidesoignant,0,1
Ama,0,1
Ambulancier,1,0
Ambulanciere [Donnees Non Publiees],0,1
Amenagement Et Promotion Immobiliere,2,0
Amp/Aes= Accompagnant Educatif Et Sociale,0,1
Analyste [Donnees Non Publiees],0,3
Analyste Financier,1,0
Analyste Programmeur,1,0
Ancien Exploitant Agricole,1,0
Ancien Medecin Generaliste [Donnees Non Publiees],1,0
Animateur Culturel,0,2
Animateur Financier,4,0
Animateur Prevention Securite,4,0
Animateur Socio Culturelle,4,0
Animation Et Pilotage [Donnees Non Publiees],0,1
Animatrice,0,3
Animatrice D'Activite,0,2
Animatrice D'Equipe,0,1
Animatrice De Gymnastique Volontaire,0,1
Animatrice De La Ludotheque [Donnees Non Publiees],0,1
Animatrice De Relais Assistants Maternels Itinerant,0,1
Animatrice De Relais Petite Enfance,0,2
Animatrice En Pastorale,0,1
Animatrice Nationale,0,2
Animatrice Pastorale,0,3
Animatrice Sociale,0,1
Animatrice Vie Mutualiste,0,2
Annimatrice,0,1
Antiquaire,1,0
Apiculture,1,0
Approvisionneuse,0,1
Arbitre : Chambre Arbitrale Internationale De Paris,2,0
Arboriculteur Salarie,3,0
"Archeologue, Enseignant-Chercheur Et Expert",1,0
Architecte,9,4
Architecte [Donnees Non Publiees],0,2
Architecte D.P.L.G,1,0
Architecte Du Patrimoine,0,1
Architecte En Profession Liberale,1,0
Architecte Freelance,0,1
Architecte Liberale,0,4
Architecture : Conception D'Immeubles Divers Et Suivi Des Travaux,1,0
Archiviste,1,0
Art Therapeute,0,2
Artherapeute,0,4
Artisan,5,0
Artisan Commercant [Donnees Non Publiees],1,0
Artisan Dans Le Batiment,1,0
Artisan Jardinier,3,0
Artisan Macon,1,0
Artisan Menuisier,2,0
Artisan Taxi,2,0
Artisan Torrefacteur,2,0
"Artisan, Second Oeuvre",3,0
"Artisan/Commer_Cant Son, Lumiere Et Video",1,0
Artiste,0,2
Artiste De Spectacle Vivant (Magicien)Comedien,3,0
Artiste Peintre,0,2
Artiste Peintre [Donnees Non Publiees],0,2
Artiste Plasticienne,0,3
Artiste Plasticienne Sous La Signature [Donnees Non Publiees] . Gerante De La Societe [Donnees Non Publiees] Qui A Un Magasin De Vente De Vetements Au Detail.,0,1
"Artiste, Sculpteur",0,4
Asem,0,1
Ash,0,4
Asi,0,1
Asistante Familiale,0,3
Assistance Medicale,0,2
Assistant D'Education,0,1
Assistant De Direction,3,0
Assistant Manager,0,1
Assistant Parlementaire,0,13
Assistante,0,3
Assistante [Donnees Non Publiees],0,4
Assistante Administratif,0,2
Assistante Administrative,0,14
Assistante Administrative - [Donnees Non Publiees] [Donnees Non Publiees],0,1
Assistante Administrative [Donnees Non Publiees],0,3
Assistante Commerciale,0,12
Assistante Commerciale [Donnees Non Publiees],0,2
Assistante D'Avocats,0,1
Assistante D'Education,0,2
Assistante D'Etudes,0,1
Assistante D'Un Chef De Service A L'Hopital [Donnees Non Publiees],0,2
Assistante De Developpement Informatique,0,3
Assistante De Direction,0,24
Assistante De Direction [Donnees Non Publiees],0,4
Assistante De Gestion,0,3
Assistante De Gestion Entreprise De Plomberie Chauffagiste,0,3
Assistante De Production,0,2
Assistante De Service,0,2
Assistante De Service Social,0,3
Assistante De Service Social Mise A Disposition A La [Donnees Non Publiees] En Tant Qu'Experte Medico-Sociale,0,2
Assistante De Vie,0,4
Assistante Dentaire,0,7
Assistante Direction,0,1
Assistante Direction [Donnees Non Publiees],0,2
Assistante Direction Tour Operateur,0,1
Assistante Familiale,0,1
Assistante Ingenieur,0,1
Assistante Locale D'Un Depute Europeen,0,1
Assistante Marketing,0,1
Assistante Maternelle,0,12
Assistante Maternelle [Donnees Non Publiees],0,1
Assistante Maternelle A Domicile,0,2
Assistante Maternelle Agree Declaree,0,1
Assistante Maternelle Agreee,0,1
Assistante Maternelle En Creche [Donnees Non Publiees],0,1
Assistante Medico Administrative,0,1
Assistante Parlementaire,0,5
Assistante Personne Agee,0,2
Assistante R H,0,3
Assistante Sociale,0,11
Assistante Sociale [Donnees Non Publiees],0,5
Assistante Socio-Educative,0,1
Assistante Specialiste Des Hopitaux,0,1
Assistante Technique Et Administrative A Mi-Temps,0,2
Assistante Veterinaire,0,3
Assistante Vie Scolaire,0,1
Assistante_Maternelle,0,1
Assistent [Donnees Non Publiees],0,1
Assitante De Direction,0,2
Association 1901 Socio-Culturelle [Donnees Non Publiees],0,2
Association De Gestion Et De Comptabilite Cabinet Expertise Comptable,3,0
"Association Liee A L'Insertion, La Formation. [Donnees Non Publiees]",0,1
Associee - Exploitante Agricole,0,1
Associee Exploitante Sur Earl [Donnees Non Publiees],0,2
Assurance,3,0
Assurance Qualite Manager,2,0
Atsem [Donnees Non Publiees],0,1
Attache De Presse,0,1
Attache Fonction Publique,0,1
Attache Parlementaire,4,2
Attache Principal,1,2
Attache Territorial,3,0
Attache Territoriale,0,1
Attachee Administrative,0,1
Attachee Commerciale,0,2
Attachee D'Administration [Donnees Non Publiees],0,2
Attachee D'Administration Hospitaliere,0,2
Attachee D'Administration Hospitalierecontractuel,0,1
Attachee De Communication,0,1
Attachee De Conservation Culture,0,2
Attachee De Direction,0,1
Attachee De Direction - Chef De Projet,0,2
Attachee De Presse,0,3
Attachee Parlementaire,0,1
Attachee Parlementaire : Mission Terminee Le 30 Juillet 2021,0,1
"Attachee Principale (Fpt, Categorie A) [Donnees Non Publiees]",0,2
Attachee Principale [Donnees Non Publiees],0,2
Attachee Principale D'Administration [Donnees Non Publiees],0,2
"Attachee Principale, [Donnees Non Publiees]",0,1
Attachee Territoriale,0,6
Attachee Territoriale - Direction De La Solidarite,0,2
Attachee Territoriale [Donnees Non Publiees],0,3
Attachee Territoriale En Detachement [Donnees Non Publiees],0,3
Attachee Territoriale Principale,0,5
Attachee Territoriale Principale [Donnees Non Publiees],0,1
Attachee_Parlementaire,0,3
Aucun,0,1
Aucune,5,27
Aucune Activite,1,6
Aucune Activite Professionnelle,0,1
Aucune Activite Professionnelle A Son Actif,0,2
Audioprothesiste,1,0
Auditrice,0,1
Auditrice Qualite,0,3
Auteur,2,0
Auteur / Realisateur,2,0
Auteur Compositeur Interprete,2,0
Auto Ecole,0,2
Auto Entrepreneur,0,1
Auto Entrepreneur : Prestations D'Animation De Reseau,0,2
Auto Entrepreneur Dans L'Art,0,1
Auto Entrepreneur En Reconversion Professionnelle,0,1
Auto Entrepreneur Petits Travaux,0,2
"Auto Entrepreneur, Conseil, Vente",2,0
Auto-Entrepreneur [Donnees Non Publiees],1,0
Auto-Entrepreneur Dans Le Domaine De L'Evenementiel Et De La Culture.,0,3
Auto-Entrepreneur Dans Le Domaine De L'Evenementiel Et De La Culture. Loueur De Meubles Non Professionnel,0,1
Auto-Entrepreneur En Location De Meubles,2,0
Auto-Entrepreneuse Psycho-Practicienne,0,1
Autoentrepreneur,2,0
Autoentrepreneur [Donnees Non Publiees],1,0
Autrice,0,1
Auxiliaire Ambulancier,1,0
Auxiliaire De Puericulture,0,3
Auxiliaire De Vie,0,1
Auxiliaire De Vie Ou Aide A Domicile,0,2
Auxiliaire De Vie Scolaire,0,2
Auxiliaire De Vie Sociale,0,2
Auxiliaire Pericultrice,0,4
Auxiliaire Specialisee Veterinaire,0,2
Auxiliere Petite Enfance [Donnees Non Publiees],0,2
Avocat,10,25
Avocat [Donnees Non Publiees],4,3
Avocat A La Cour,0,1
Avocat Associe,3,1
Avocat Au Barreau De Paris,2,0
Avocat Aux Conseils,2,0
Avocat Liberal,3,0
Avocat Liberal.,0,1
Avocate,0,27
Avocate [Donnees Non Publiees] [Donnees Non Publiees],0,1
Avocate Collaboratrice Liberale [Donnees Non Publiees],0,3
Avocate/Juriste [Donnees Non Publiees],0,1
Avocateenseignante,0,3
Avs,0,1
Avs - Aesh,0,1
Avs Assistante De Vie Scolaire,0,1
Bailleur Social,0,2
Banquier D'Affaires,2,0
Benevolat,0,1
Bibliothecaire,0,2
Bijouterie,0,2
Brocante,0,1
Buraliste,1,0
Bureau D'Etudes Economie De La Construction,0,2
Bureautique Et Comptabilite,2,0
Business Developpeur,0,2
Business School,2,0
Cabinet,3,0
Cabinet D'Expertise Comptable,0,2
Cabinet D'Orthophonie Liberal,0,2
Cabinet De Recrutement,0,4
Cabinet Dentaire,0,5
Cabinet Expertise Comptable,2,0
Cadre,10,10
Cadre - Assurances,1,0
Cadre [Donnees Non Publiees],1,11
Cadre Administratif,3,1
Cadre Administratif [Donnees Non Publiees],2,0
Cadre Administratif Dans Une Ecole D'Architecture,0,3
Cadre Administrative,0,1
Cadre Administrative [Donnees Non Publiees],0,2
Cadre Au Sein D'Une Association De Collectivites Territoriales Specialisee Dans Les Affaires Europeennes Et La Cooperation Internationale,2,0
Cadre Bancaire,3,3
Cadre Commercial,6,0
Cadre Commercial Agroalimentaire,2,0
"Cadre Commercial, Responsable De Secteur [Donnees Non Publiees]",0,1
"Cadre Commercial, Responsable De Secteur [Donnees Non Publiees] Pour Les Etablissements De Debits De Boissons, Hoteliers Et De Restauration.",0,6
Cadre Commerciale [Donnees Non Publiees],0,1
Cadre Coordonnateur,0,3
Cadre De Banque,0,3
Cadre De Formation,0,2
Cadre De La Fonction Publique,0,10
Cadre De La Fonction Publique Territoriale,0,1
Cadre De La Fonction Publique Territoriale.,0,2
Cadre De Sante,0,5
Cadre De Sante.,0,2
Cadre Developpement Clientele,1,0
Cadre Dirigeant [Donnees Non Publiees],2,0
Cadre En Audit Interne,0,2
Cadre France Telecom,0,2
Cadre Ingenieur,0,1
Cadre Medicale Sociale,0,2
Cadre Rh,0,1
Cadre Statutaire Sncf,2,0
Cadre Superieur,0,1
Cadre Superieur [Donnees Non Publiees],3,0
Cadre Superieur De Sante,1,2
Cadre Superieure De Sante Aux Hopitaux Publics De Marseille,0,3
Cadre Territoriale,0,5
"Caissiere Ventre De Produits Pour Jardinage, Animaux Agriculture",0,1
Caue : [Donnees Non Publiees],0,1
Cci,0,1
Cell Manager [Donnees Non Publiees],2,0
Chambres D'Hotes,0,1
Chancelier De L'Institut,1,0
Charge [Donnees Non Publiees],0,5
Charge D'Affaire [Donnees Non Publiees],0,1
Charge D'Affaire Maintenance,3,0
Charge D'Affaires,3,0
Charge D'Affaires [Donnees Non Publiees],2,0
Charge D'Affaires Commerce International,2,0
Charge D'Enseignements,1,0
Charge D'Etude,1,0
Charge D'Etude De Prix. Agent De Maitrise.,2,0
Charge D'Etude De Prix.Agent De Maitrise.,1,0
Charge D'Etudes,0,1
Charge D'Etudes Documentaires,0,1
Charge De Clientele,0,2
Charge De Clientele [Donnees Non Publiees],0,2
Charge De Clientele Agricole [Donnees Non Publiees] [Donnees Non Publiees] [Donnees Non Publiees],1,0
Charge De Communication,3,2
Charge De Conseil Et De Developpement . Coordinatrice Petite Enfance,0,3
Charge De Developpement [Donnees Non Publiees],2,0
Charge De Formation (Syrinxpan) Et Agent Commercial Technico Commercial (Etai),0,2
Charge De Mission,7,3
Charge De Mission [Donnees Non Publiees],7,0
Charge De Mission Au Rectorat Depart A La Retraite [Donnees Non Publiees],0,2
Charge De Mission Politiques Sociales Du Logement,1,0
Charge De Projet [Donnees Non Publiees],0,2
Charge De Recherche [Donnees Non Publiees],2,1
Charge De Recherche Puis Directrice De Recherche,0,3
Charge Relation Entreprise,0,1
Chargee [Donnees Non Publiees],0,1
Chargee D Affaire Professionnel,0,2
Chargee D'Affaires Prive,0,3
Chargee De Clientele [Donnees Non Publiees],0,3
Chargee De Clientele Accueil,0,1
Chargee De Clientele Dans Une Banque,0,1
Chargee De Clientele Professionnelle,0,4
Chargee De Clientele Specialisee,0,1
Chargee De Communication,0,8
Chargee De Communication [Donnees Non Publiees],0,3
Chargee De Communication Au Credit Agricole [Donnees Non Publiees],0,1
Chargee De Developpement [Donnees Non Publiees],0,1
Chargee De Formation,0,1
Chargee De Mission,0,8
Chargee De Mission [Donnees Non Publiees],0,16
Chargee De Mission [Donnees Non Publiees] [Donnees Non Publiees],0,1
Chargee De Mission Aupres De La Directrice De Campus France,0,2
Chargee De Mission Conseil,0,1
Chargee De Mission Rh [Donnees Non Publiees],0,3
Chargee De Missions [Donnees Non Publiees],0,2
Chargee De Production,0,1
Chargee De Programme - Fonctionnaire Internationale,0,2
Chargee De Projet,0,2
Chargee De Recherche,0,1
Chargee De Recherche Au Cnrs,0,1
"Chargee De Recherche, Retraite [Donnees Non Publiees]",0,1
Chauffagiste [Donnees Non Publiees],1,0
Chauffagiste En [Donnees Non Publiees],1,0
Chauffeur De Bus,1,0
Chauffeur Poids Lourd,1,0
Chauffeur Poids-Lourds Et Conducteur D'Engins Tp,1,0
Chauffeur Routier,2,0
Chauffeur Super Lourd,1,0
Chauffeur-Taxi,1,0
Chef Cuisinier [Donnees Non Publiees],1,0
Chef D'Agence [Donnees Non Publiees],0,2
Chef D'Agres [Donnees Non Publiees],1,0
Chef D'Entreprise,2,0
Chef D'Entreprise - Secteur Communication,0,1
Chef D'Entreprise Administrateur De Biens,2,0
Chef D'Entreprise Salariee,0,2
Chef D'Entreprise Salon De Coiffure,0,1
Chef D'Equipe [Donnees Non Publiees],0,1
Chef D'Equipe Mecanicien,2,0
"Chef D'Equipe, [Donnees Non Publiees]",0,1
Chef D'Etablissement,0,1
Chef D'Etablissement [Donnees Non Publiees],0,2
Chef D'Exploitation,0,1
Chef D'Unite Fonctionnelle,2,0
Chef De Brigade,2,0
Chef De Cabine,2,2
Chef De Cabinet,1,1
Chef De Cabinet Du President,0,2
Chef De Chantier,2,0
Chef De Groupe [Donnees Non Publiees],1,0
Chef De Mission,3,0
Chef De Mission [Donnees Non Publiees],2,0
Chef De Produits Lunetterie,0,4
Chef De Projet,6,5
Chef De Projet [Donnees Non Publiees],3,3
Chef De Projet Etudes Et Developpement [Donnees Non Publiees],0,1
Chef De Projet Logiciel [Donnees Non Publiees],2,0
Chef De Projets,1,0
Chef De Quart,2,0
Chef De Rang,2,0
Chef De Secteur,1,0
Chef De Secteur Expert,2,0
Chef De Service [Donnees Non Publiees],2,5
Chef De Train,1,0
Chef Du Bureau [Donnees Non Publiees],2,0
Chef Du Service [Donnees Non Publiees],4,0
Chef Du Service Commnication Et Evenementiel,0,3
Chef Exploitation,0,3
Chef Magasin,0,1
"Chef Magasinier, [Donnees Non Publiees]",1,0
"Cheffe D'Entreprise, [Donnees Non Publiees]",0,1
Cheffe De Clinique,0,1
Cheffe De Projet [Donnees Non Publiees],0,3
Cheffe De Service,0,1
Cheffe De Service [Donnees Non Publiees],0,1
Cheffe Du Service [Donnees Non Publiees],0,3
Chercheur,1,0
Chimiste,0,1
Chirurgien,4,0
Chirurgien [Donnees Non Publiees],1,2
Chirurgien Dentiste,3,6
Chirurgien Dentiste [Donnees Non Publiees],0,1
Chirurgien Orl,2,0
Chirurgien Orthopediste,4,0
Chirurgienne Gynecologique,0,1
Chroniqueuse Occasionnelle,0,2
Clerc De Commissaire Priseur,0,1
Clerc De Notaire,0,9
Clerc Negociateur Immobilier,0,1
Climatologue,0,2
Co Gerant [Donnees Non Publiees],1,0
Co Gerant De La Sca [Donnees Non Publiees],1,0
Co Gerant De Societe,2,0
Co Gerant Du Gaec [Donnees Non Publiees],0,1
Co Gerante,0,1
Co-Directrice,0,1
Co-Gerance,0,1
Co-Gerant Associe De La Societe Orsade,1,0
Co-Gerant D'Une Societe Agricole,2,0
Co-Gerant De La Societe- Activite Facade,1,0
Co-Gerante,0,6
Co-Gerante De La Sarl Havaiki [Donnees Non Publiees],0,1
Coach Sportif,2,0
Coach Sportive,0,1
Cogerante,0,2
Coiffeuse,0,7
Coiffeuse A Domicile.,0,2
Coiffure,0,1
Coiffure A Domicile,0,11
Coiffure A Domicile En Auto Entreprise,0,1
Collaborateur,0,1
Collaborateur D'Elu,2,0
Collaborateur De Cabinet,3,0
Collaborateur De Groupe,3,0
Collaborateur De Groupe Politique,1,0
Collaborateur Parlementaire,4,0
Collaboratrice,0,3
Collaboratrice / Assistante De Groupe Politique.,0,1
Collaboratrice [Donnees Non Publiees],0,2
Collaboratrice [Donnees Non Publiees] [Donnees Non Publiees],0,1
Collaboratrice Agence Assurance,0,1
Collaboratrice De Cabinet,0,2
Collaboratrice Du Cabinet Du President,0,1
Collaboratrice Notariale,0,2
Collaboratrice Parlementaire,2,3
Collaboratrice Parlementaire [Donnees Non Publiees],0,2
Collaboratrice Parlementaire D'Un Senateur [Donnees Non Publiees],0,1
Colporteur Vente Huile Et Produits Derives Alimentaires,2,0
Comedien,2,0
Comedienne,0,1
Commandant De Police,1,0
Commandant Divisionnaire Fonctionnel De Police,2,0
Commercant,3,0
Commercant - Agence De Publicite,2,0
Commercant Ambulant,1,0
Commercant Cafetier,1,0
Commercant Fruits Et Legumessous Le Regime D'Exploitant Individuel.,1,0
Commercant Independant,1,0
Commercante,0,3
Commercante Dans L'Habillement,0,1
Commerce,6,2
Commerce D'Alimentation Generale,0,3
Commerce De Gros Detail [Donnees Non Publiees],1,0
Commerce De Vetements Pour Hommes,0,3
Commerce De Vins,0,1
Commerce Gros,1,0
Commercial,18,0
Commercial - Employe,2,0
Commercial [Donnees Non Publiees],1,0
Commercial Materiel Agricole,0,1
Commerciale,0,15
Commissaire De Justice Associee,0,1
Commissaire Des Armees,2,0
Commissaire Divisionnaire,2,0
Communication Et Relations Presse,0,2
Communication Formation,0,1
Communication Publicite,2,0
Community Manager Social Media,0,1
Compositeur De Musique,2,0
Comptabilite,0,2
Comptable,3,18
Comptable [Donnees Non Publiees],0,1
Comptable Activite : Cereales Du Petit Dejeuner En Bio,0,2
Comptable Agricole,0,1
Comptable Categorie 2,0,2
Comptable De Copropriete,0,1
Comptable En Association D'Expertise Comptable,0,2
Comptable Taxateur,2,0
"Comptable, Gestionnaire De Paie.",0,2
Conception Et Commercialisation De Vetements Made In France,0,1
Conception Graphique,2,0
Conciergerie Location Courte Duree,0,2
Conducteur,1,0
Conducteur D'Engin,1,0
Conducteur De Bus,2,0
Conducteur De Chaine D'Embouteillage,2,0
Conducteur De Concasseur,1,0
Conducteur De Train,2,0
Conducteur De Travaux,1,0
Conducteur Receveur,2,0
Conducteur-Travaux,1,0
Conductrice Receveuse,0,1
Conjoint Collaborateur,3,0
Conjoint D'Exploitant Agricole,0,1
Conjointe Collaboratrice Non Remuneree,0,1
Conseil,0,3
Conseil En Achat Public,0,1
Conseil En Communication,0,2
Conseil En Communication [Donnees Non Publiees],0,1
Conseil En Communication Et Aux Entreprises,0,2
Conseil En Communication Scientifique Et Journaliste,0,6
Conseil En Decoration Et Photographe.,0,1
Conseil En Entreprise,2,0
Conseil En Gestion,2,0
Conseil En Gestion De Patrimoine,0,3
Conseil En Gestion De Patrimoine [Donnees Non Publiees],3,0
Conseil En Immobilier,2,0
Conseil En Ingenierie Historique,2,0
Conseil En Marketingformation,4,0
Conseil En Relations Publiques,0,6
Conseil En Ressources Humaines. [Donnees Non Publiees],2,0
Conseil Et Accompagnement Des Acteurs De Lamenagement Et De Limmobilier,2,0
Conseil Et Courtage Financier,0,1
Conseil Gestion Administrative,0,2
Conseil Juridique,0,2
"Conseil, Formation",0,1
Conseiller Bancaire,0,2
Conseiller Clientele,0,1
Conseiller Clients,0,1
Conseiller Commercial [Donnees Non Publiees],1,0
Conseiller Communautaire,2,0
Conseiller En Assurance Et Commercial [Donnees Non Publiees],2,0
Conseiller En Communication [Donnees Non Publiees],3,0
Conseiller En Formation,2,0
Conseiller En Formation Continue,0,2
Conseiller En Gestion De Patrimoine Certifie,0,3
Conseiller En Immobilier,2,0
Conseiller En Immobilier Autoentrepreneur,0,4
Conseiller Energie,3,0
Conseiller Enr,2,0
Conseiller Financier,2,0
Conseiller Metropolitain,2,0
Conseiller Politique [Donnees Non Publiees],2,0
Conseiller Principal D'Education,1,0
Conseiller Regional,1,0
Conseiller Special,4,0
Conseiller Technique Vente Magasin De Sport,2,0
Conseiller-Doyen [Donnees Non Publiees],0,2
Conseiller_Vendeur,1,0
Conseillere,0,1
Conseillere [Donnees Non Publiees],0,2
Conseillere A L'Emploi,0,2
Conseillere Agricole [Donnees Non Publiees],0,2
Conseillere Aux Particuliers,0,2
Conseillere Clientele,0,7
Conseillere Clientelle,0,1
Conseillere Commerciale [Donnees Non Publiees],0,2
Conseillere Commerciale [Donnees Non Publiees] [Donnees Non Publiees],0,1
Conseillere D'Insertion Et De Probation,0,1
Conseillere De Vente,0,2
Conseillere De Vente En Librairie,0,2
Conseillere Departementale De La Sarthe,0,1
Conseillere Des Services Du Senat,0,2
Conseillere Emploi,0,3
Conseillere En Decoration D'Interieur,0,3
Conseillere En Equipe D'Appui,0,1
Conseillere En Formation,0,1
Conseillere En Gerontologie [Donnees Non Publiees],0,1
Conseillere En Gestion De Droits,0,1
Conseillere En Insertion Professionnelle,0,5
Conseillere Funeraire,0,2
Conseillere Juridique,0,3
Conseillere Juridique [Donnees Non Publiees],0,1
Conseillere Metropolitaine,0,7
Conseillere Municipale De Saint Sebastien Sur Loire Conseillere Metropole De Nantes,0,2
Conseillere Municipale De Saint Sebastien Sur Loireconseillere Metropole De Nantes,0,1
Conseillere Municipale Et Metropolitaine De Nice,0,1
Conseillere Pedagogique,0,3
Conseillere Pour L'Emploi,0,1
Conseillere Regionale,0,7
Conseillere Regionale [Donnees Non Publiees],0,1
Conseillere Socio-Educative,0,3
Conseillere Technique,0,5
Conseillere Technique [Donnees Non Publiees],0,1
Conseillere-Financiere,0,1
Conseilleremaitre,0,4
Conseilliere,0,1
Conseilliere Technique Au Cabinet Du President [Donnees Non Publiees],0,2
Conseils Aux Associations,0,1
Conservatrice Du Patrimoine,0,5
Conservatrice Du Patrimoine [Donnees Non Publiees],0,1
Consultant,7,1
Consultant [Donnees Non Publiees],1,2
Consultant En Communication,2,0
"Consultant En Communication Politique, Enseignant Dans Le Superieur, Formateur En Communication",1,0
Consultant En Informatique [Donnees Non Publiees],1,0
Consultant En Securite Des Systemes D'Information,2,0
Consultant Formateur,1,0
Consultant Independant,1,0
Consultant Rhmusicien,1,0
Consultant Senior,3,0
Consultant Sous Le Regime De Micro Entreprise,2,0
Consultant Viticole,3,0
Consultante,0,6
Consultante - Formatrice,0,3
Consultante [Donnees Non Publiees],0,2
Consultante En Affaires De Gestion,0,1
Consultante Interne,0,2
Consultante Juridique [Donnees Non Publiees],0,1
"Consultante Senior, Salariee",0,7
Contractuelle Ade,0,2
Controle Technique Automobile,1,0
Controleur,0,3
Controleur Aerien,1,0
Controleur De Gestion Tac,1,0
Controleur De Pommes De Terre,1,0
Controleur Des Douanes [Donnees Non Publiees],1,0
Controleur Des Finances Publiques,3,1
Controleur Des Finances Publiques (Fonctionnaire),1,0
Controleur Du Tresor,0,4
Controleur Du Tresor Public,0,2
Controleur Financier,0,1
Controleur General Economique Et Financier [Donnees Non Publiees],0,2
Controleur Principal De Travaux,2,0
Controleur Principal Des Douanes,0,2
Controleuse De Gestion,0,2
Controleuse Des Finances Publiques,0,1
Coopalpha: [Donnees Non Publiees] Consultant Formateur Agapes : Gestionnaire Des Ressources Humaines,2,0
Coordinateur D'Equipe,1,0
Coordinatrice,0,1
Coordinatrice [Donnees Non Publiees],0,1
Coordonnatrice Administrative [Donnees Non Publiees],0,1
Correspondante De Presse,0,1
Cours De Gymnastique,0,2
Cours De Tennis Adultes Et Enfants,0,1
Cours De Voile Charter Convoyage.,1,0
Courtier En Assurances De Personnes.Commercant Et Assimiles.,2,0
Courtier En Pret Immobilier,3,3
Couvreur Specialise,1,0
Cpe Retraite De L'Education Nationale,0,1
Creation D'Ouvrages Pedagogiques,0,2
Cuisiniere,0,1
Daf,0,4
Dans Le Domaine De La Culture De La Vanille,2,0
Dataanalyste,3,0
Ddcs [Donnees Non Publiees],0,1
De Janvier 2015 A Juillet 2020 : Sans Activitede Juillet 2020 A Juillet 2021 : Interimaire En Tant Chauffeur Routier,1,0
Debitant De Tabac,1,0
Delegue,5,0
Delegue Aux Affaires Territoriales [Donnees Non Publiees],0,1
Delegue General,1,0
Delegue Medicale,0,2
Deleguee [Donnees Non Publiees],0,1
Deleguee A L'Information,0,1
Deleguee Generale,0,2
Deleguee Territoriale Emploi Formation,0,1
Dentiste,0,2
Depanneur,5,0
Depute,3,6
Depute [Donnees Non Publiees],1,3
Depute [Donnees Non Publiees] Et Notaire,2,0
Depute Du Nord Conseiller Regional Des Hauts-De-France,0,2
Depute Du Pas De Calais Et Conseiller Regional,0,1
Depute Europeen,3,0
Depute Francais Au Parlement Europeen,2,0
Deputee Europeenne [Donnees Non Publiees],0,1
Dessinateur Dans Un Bureau D'Etudes (Entreprise Specialisee Dans L'Escalier Bois Et Metal),1,0
Dessinateur Industriel [Donnees Non Publiees],0,2
Developpement Informatique,4,0
Developpeur Informatique,3,0
Deviseuse Dans Une Imprimerie,0,2
Deviseuse En Imprimerie,0,2
Dga,0,4
Dga [Donnees Non Publiees],0,7
Dgfip Fonctionnaire.,1,0
Dgs,1,7
Dgs Du Departement,1,0
Dieteticienne,0,1
Diffusion De Spectacles - Intermittente Du Spectacle,0,2
Directeur,11,0
Directeur [Donnees Non Publiees],23,2
Directeur Adjoint,1,0
"Directeur Adjoint Au Sein D'Une Association, Mouvement D'Education Populaire, Organisme De Formation",1,0
Directeur Adjoint Du Pole Influence Et Communication,0,1
Directeur Administratif Et Financier,2,0
Directeur Agence Banque Privee [Donnees Non Publiees],1,0
Directeur Associatif,1,0
Directeur Audit Et Controle Interne,0,1
Directeur Centre Informatique [Donnees Non Publiees],2,0
Directeur Commercial,8,0
Directeur Commercial Europe,2,0
Directeur D'Agence Cadre Dirigeant,3,0
Directeur D'Agence D'Amenagement Foncier,2,0
Directeur D'Etablissement [Donnees Non Publiees],0,1
Directeur D'Etablissement De Sante Prive Non Lucratif. [Donnees Non Publiees],2,0
Directeur D'Etablissement Scolaire [Donnees Non Publiees],2,0
Directeur D'Unite Operationnelle,2,0
Directeur De Cabinet,2,1
Directeur De Concession Auto,2,0
Directeur De Creche,0,3
Directeur De L'Antenne Departementale [Donnees Non Publiees],1,0
Directeur De La Societe,1,0
Directeur De La Transformation,1,0
Directeur De Ligne Ter [Donnees Non Publiees],1,0
Directeur De Maison De Retraite,3,0
Directeur De Pole,1,0
Directeur De Programme,1,0
Directeur De Projet [Donnees Non Publiees],1,0
Directeur De Projet Informatique,2,0
Directeur De Recherche,2,0
Directeur De Segpa,2,0
Directeur De Site,2,0
Directeur Des Affaires Strategiques,2,0
Directeur Des Operations,2,0
Directeur Des Relations Institutionnelles,2,0
Directeur Des Ressources Humaines,2,0
Directeur Developpement,1,0
Directeur Du Business Developpement [Donnees Non Publiees],1,0
Directeur Du Developpement,2,0
Directeur Du Developpement Et President [Donnees Non Publiees],2,0
Directeur Executif Adjoint,2,0
Directeur Financier,0,2
Directeur France Et Europe Du Sud,1,0
Directeur General,11,0
Directeur General / Demolition Automobile,3,0
Directeur General [Donnees Non Publiees],7,0
Directeur General Adjoint,2,3
Directeur General Delegue,2,0
Directeur General Des Services,4,0
Directeur Hypermarche,1,0
Directeur Immobilier,1,0
Directeur Juridique,2,0
Directeur Juridique Retraite,0,2
Directeur Maintenance - Cadre,2,0
Directeur Marketing Et Communication,0,2
Directeur Regional [Donnees Non Publiees],3,0
Directeur Ssr,1,0
Directeur Technique,1,0
Directeur Technique Adjoint,0,2
Directeur Zone Europe [Donnees Non Publiees],1,0
Directeur Zone Europe [Donnees Non Publiees] [Donnees Non Publiees],1,0
Directeur-Adjoint [Donnees Non Publiees],2,0
Direction Artistique & Graphisme,0,1
Direction De La Surete Region Occitannie,0,1
Direction Des Musees [Donnees Non Publiees],0,3
Direction Des Services,0,1
Directrice,0,14
Directrice - [Donnees Non Publiees],0,1
Directrice [Donnees Non Publiees],0,30
"Directrice [Donnees Non Publiees] , Cabinet D'Assurance.",0,1
Directrice [Donnees Non Publiees] [Donnees Non Publiees],0,3
Directrice [Donnees Non Publiees] [Donnees Non Publiees] .,0,1
Directrice [Donnees Non Publiees] Adjointe,0,2
Directrice [Donnees Non Publiees] De L'Universite [Donnees Non Publiees],0,4
Directrice Adjointe,0,2
Directrice Adjointe [Donnees Non Publiees],0,6
Directrice Adjointe D'Esat,0,3
Directrice Adjointe De Cabinet,0,1
Directrice Adjointe Territoriale,0,1
Directrice Administrative [Donnees Non Publiees],0,1
Directrice Clearance,0,1
Directrice Congres,0,2
Directrice Conseil [Donnees Non Publiees],0,3
Directrice D Agence Bancaire,0,3
Directrice D'Agence Bancaire,0,1
Directrice D'Ecole,0,5
Directrice D'Ecole [Donnees Non Publiees],0,2
Directrice D'Ecole Maternelle,0,4
Directrice D'Ecole Maternelle Et Formatrice,0,2
Directrice D'Ecole Primaire [Donnees Non Publiees],0,2
Directrice D'Ehpad,0,1
Directrice De [Donnees Non Publiees],0,3
Directrice De Cabinet,0,6
Directrice De Cabinet Adjointe,0,2
Directrice De Cabinet Du President,0,1
Directrice De Creche,0,6
"Directrice De L'Association Pacquam Depuis 1997, En Charge De L'Aide A La Scolarite - [Donnees Non Publiees]",0,1
"Directrice De L'Association Pacquam Depuis 1997, En Charge De L'Aide A La Scolarite [Donnees Non Publiees]",0,1
Directrice De L'Office Des Hlm [Donnees Non Publiees],0,1
Directrice De La Communication,0,3
Directrice De La Communication [Donnees Non Publiees],0,3
Directrice De La Politique De La Ville,0,4
Directrice De La Pouponniere [Donnees Non Publiees],0,2
Directrice De Laboratoire,0,1
Directrice De Pole,0,1
Directrice De Production [Donnees Non Publiees],0,2
Directrice De Secteur,0,2
Directrice De Service,0,2
Directrice De Structure [Donnees Non Publiees],0,1
Directrice Deleguee,0,1
Directrice Departementale [Donnees Non Publiees],0,2
Directrice Depuis 2003,0,1
Directrice Des Affaires Medicales,0,3
Directrice Des Ressources Humaines,0,6
Directrice Des Ressources Humaines Groupe,0,1
Directrice Du Developpement Urbain,0,1
Directrice Du Foyer D'Hebergement,0,1
Directrice Du Service [Donnees Non Publiees],0,1
Directrice Du Service Des Transports,0,4
Directrice Financiere [Donnees Non Publiees],0,1
Directrice Generale,0,10
Directrice Generale [Donnees Non Publiees],0,2
Directrice Generale Adjointe,0,5
Directrice Generale Adjointe Et Associee De Piman Consultants,0,1
Directrice Generale Des Services,0,13
Directrice Generale Des Services [Donnees Non Publiees],0,2
Directrice Maison De Retraite,0,2
Directrice Paramedical D'Une Had (Hospitalisation A Domicile),0,1
Directrice Regionale Adjointe [Donnees Non Publiees],0,2
Directrice Territoriale,0,1
Directrice.,0,7
Directrice; De [Donnees Non Publiees],0,2
Directricedeleguee,0,2
Directricemaisonderetraite,0,1
Directrices Dun Dispositif Relais [Donnees Non Publiees],0,2
Dirigeant,6,0
Dirigeant [Donnees Non Publiees],7,0
Dirigeant D Entreprise,1,0
Dirigeant D'Entreprise,2,0
Dirigeant De L'Entreprise [Donnees Non Publiees],3,0
Dirigeant De Musee,3,0
Dirigeant De Societe,2,0
Dirigeant De Societe Groupe Automobiles [Donnees Non Publiees],1,0
Dirigeant; Transport Et Travaux Public,1,0
Dirigeante [Donnees Non Publiees],0,1
Dirigeante De La Societe (Sasu),0,2
Dirigeante Salarie [Donnees Non Publiees],0,1
Divers Travaux De Renovation Petite Maconnerie,2,0
Docteur [Donnees Non Publiees] [Donnees Non Publiees] Au Chu [Donnees Non Publiees],0,1
Docteur En Medecine,0,2
Docteur En Pharmacie,0,3
Docteur Veterinaire Salariee,0,2
Doctorat [Donnees Non Publiees],0,2
Doctorat-En-Theologie,0,3
Dpo,1,0
Dr En Chirurgie Dentaire,1,0
Dr Veterinaire,0,3
Drh,2,0
Ebeniste Agenceur,1,0
Ecologue Expert,1,0
Economiste De La Construction,2,0
Ecrivain Et Scenariste,0,1
Editeur De Bande Dessinee,0,3
"Edition Du Magazine [Donnees Non Publiees] , Traduction Et Commercialisation D'Espaces De Salon Professionnel En Allemagne",0,1
Editrice,0,2
Educateur Sportif,2,0
Educateur Sportif [Donnees Non Publiees],1,0
Educatrice,0,2
Educatrice Scolaire Specialisee,0,1
Educatrice Specialisee,0,5
Electricien,4,0
Electricite De Tahiti Chef D'Exploitation [Donnees Non Publiees],1,0
"Electricite De Tahiti, Chef D'Exploitation [Donnees Non Publiees]",1,0
Electricite Plomberie,2,0
Elevage Animaux,1,0
Elevage Bovins Legumes Plein Champs [Donnees Non Publiees],1,0
Eleve Conservatrice Territoriale Des Bibliotheques,0,1
Eleve-Magistrat,1,0
Eleveur,2,0
Eleveuse Canin,0,2
Elu Local,1,0
Elu Maire-Adjointe + Conseillere Regionale Idf,0,1
Elue,0,2
"Elue A La Ville De Libourne, A La Communaute D'Agglomeration Du Libournais",0,1
Emploi Familial,0,8
Employe,7,1
Employe [Donnees Non Publiees],2,0
Employe Administrative - Comptabilite,0,1
Employe D'Une Societe De Fabrication De Menuiseries Pvc. [Donnees Non Publiees],0,1
Employe De Banque,1,0
Employe De Bureau,0,2
Employe De Caisse,0,1
Employe De Commerce,2,0
Employe De Consignation,6,0
Employe De Maison Avec Plusieurs Particuliers,0,1
Employe De Restauration Collective,0,2
Employe Polyvalent [Donnees Non Publiees],3,0
Employee,0,9
Employee [Donnees Non Publiees],0,2
Employee A Domicile,0,2
Employee Administrative,0,2
Employee Admnistrative,0,2
Employee Au Service Rh [Donnees Non Publiees] . [Donnees Non Publiees],0,1
Employee Au Service Rh D [Donnees Non Publiees] [Donnees Non Publiees],0,1
Employee Bancaire,0,1
Employee Commerce,0,2
Employee Communale,0,2
Employee D'Assurance,0,1
Employee D'Optique,0,1
Employee De Banque,0,13
Employee De Banque Charge De La Clientele Des Professionnels,0,2
Employee De Boucherie,0,1
Employee De Bureau,0,3
Employee De Commerce,0,4
Employee De Restauration,0,1
Employee En Confection,0,2
En Formation Ifsi,0,1
En Retraite,1,1
Encadrant [Donnees Non Publiees],2,0
Enquetrice,0,1
Enseignant,37,3
Enseignant (Professeur D'Eps),1,0
Enseignant - Chercheur,2,0
Enseignant [Donnees Non Publiees],4,1
Enseignant A La Retraite,1,0
Enseignant Agrege,1,0
Enseignant Bac Pro Et Bts Pro,0,2
Enseignant Certifie Hors Classe En Fonction [Donnees Non Publiees],2,0
Enseignant Chercheur,3,1
Enseignant D'Histoire Geographie Et Sciences Politique. [Donnees Non Publiees],0,1
Enseignant De Mathematiques,2,0
Enseignant En College,1,0
Enseignant Mathematique,0,1
Enseignant Professeur Des Ecoles,2,0
Enseignant Second Degre,0,4
Enseignant Vacataire En Grandes Ecoles.,2,0
Enseignant-Chercheur,4,3
Enseignant-Chercheur Biologie,0,2
Enseignante,0,63
Enseignante [Donnees Non Publiees],0,4
Enseignante A La Retraite [Donnees Non Publiees],0,1
Enseignante Contractuelle [Donnees Non Publiees],0,2
Enseignante Contractuelle Etablissement [Donnees Non Publiees],0,1
Enseignante De Latin Et De Grec,0,2
Enseignante En Anglais,0,3
Enseignante En College,0,2
Enseignante En College [Donnees Non Publiees],0,2
Enseignante En Lycee,0,1
Enseignante En Lycee Professionnel,0,2
Enseignante Formatrice Premier Degres,0,1
Enseignante Lycee,0,1
Enseignante Partagee A 50/50 Entre Le Premier Degre Et L'Universite (Inspe),0,1
Enseignante Second Cycle,0,2
Enseignante Specialisee,0,1
Enseignante Suppleante [Donnees Non Publiees],0,1
Enseignante Titulaire,0,2
Enseignante Vacataire,0,2
Enseignante Vacataire A L'Ecole Hoteliere De La Cci,0,1
Enseignante-Chercheuse,0,1
Enseignante.,0,2
Enseignate,0,1
Enseignement,6,0
Enseignement A Domicile,0,2
Enseignement En Centre D'Apprentissage,0,2
Enseignement Et Formation [Donnees Non Publiees],2,0
Enseignement Musical,0,2
Entrepreneur,0,2
Entrepreneur De Travaux Agricoles,2,0
Entreprise &Gro Alimentaire Directeur Technique,5,0
Entreprise Artisanale De Maconnerie,1,0
Entreprise De Consulting En Sante Et Biotechnologies + Entreprise De Textile Specialisee Pour Les Diabetiques,0,2
Entreprise De Serrurerie Metallerie,0,2
Entreprise De Travaux Agricoles,2,0
Entreprise De Travaux Publics Gerant,2,0
Entreprise En Batiment - Maison D'Habitation,1,0
Entreprise Individuelle D'Expertise Naturaliste,1,0
"Entreprise Individuelle De Travaux De Construction, Demolition Et Terrassement",0,2
Entreprise Individuelle Fabrication Et Vente D Articles De Bijouterie Fantaisie,0,1
"Entreprise Individuelle, Reflexologue",0,1
Entreprise Peinture Revetements Sols Et Murs,1,0
Epicerie [Donnees Non Publiees],0,2
Ergonome/Psychologue Du Travail [Donnees Non Publiees],0,3
Ergotherapeute,0,3
Estheticienne,0,4
Estheticienne A Domicile,0,2
Esthetique,0,1
Etiopathe,0,1
"Etiopathe, Activite Liberale",3,0
Etude Marketing,0,2
Etudiant,1,0
Etudiante,0,1
Etudiante A L'Universite Paris-Nanterre,0,2
Eurl Hotel Noble Sci [Donnees Non Publiees],1,0
Evenementiel,0,1
Evenementiel Professionnel Accompagnement En Strategie De Communication Formation En Relations Publiques,0,5
Expert [Donnees Non Publiees],0,2
Expert Automobile Judiciaire,2,0
Expert Comptable,1,0
Expert-Comptable - [Donnees Non Publiees],0,1
Expert-Comptable - [Donnees Non Publiees] [Donnees Non Publiees],0,1
Expert-Comptable Associe,0,1
Expert-Comptable Manager,0,1
"Expert-Comptable, Associe Et Co-Gerant De La Societe [Donnees Non Publiees]",3,0
Exploitant Agricole,13,2
Exploitant Agricole [Donnees Non Publiees],3,0
Exploitant Agricole Earl Heraud [Donnees Non Publiees],2,0
Exploitant Agricole Retraite,1,0
Exploitante Agricole,0,20
Exploitante Agricole Depuis Le 01/01/2024 Et Vdi Chez Vorwerk France,0,2
Exploitante Agricole Gestionnaire De Gites Ruraux,0,1
Fabricant De Portes Et Fenetres,0,2
Fabrication D'Articles Personnalise En Cuir,1,0
Fabrication De Fusil De Peche + Vente,2,0
Fabrication De Jeux En Bois Vente De Jeux Et Jouets En Bois,0,1
Fabrication De Pain Et Gateaux Bio Et Negoces De Produits Regionaux,0,7
Fabrication De Petits Objets En Bois Tourne,1,0
Fabrication Et Vente D'Epices,0,1
Fabrication Et Vente De Chaussures,2,0
Fabrication/Vente Alimentaire [Donnees Non Publiees],3,0
Fabricationdeproduitcosmetiques,0,2
Facteur,3,0
Femme De Service En Ehpad,0,2
Ferme Auberge,0,1
Fiabiliste,1,0
Fleuriste,2,4
Fonction Publique Territoriale,0,1
"Fonction Publique Territoriale, [Donnees Non Publiees] Agent Technique",1,0
Fonctionnaire,2,6
Fonctionnaire (Secretaire Administratif),0,1
Fonctionnaire [Donnees Non Publiees],2,3
Fonctionnaire Cadre,1,0
Fonctionnaire Cat B Ludothecaire,0,1
Fonctionnaire Categorie A - Cheffe De Bureau [Donnees Non Publiees] [Donnees Non Publiees],0,1
Fonctionnaire D'Etat De Categorie C,2,0
Fonctionnaire D'Etatprofesseur D'Anglais,0,2
Fonctionnaire De Police,1,3
Fonctionnaire En Detachement.,2,0
Fonctionnaire Postier [Donnees Non Publiees],1,0
Fonctionnaire Publique Territoriale [Donnees Non Publiees],0,1
Fonctionnaire Territorial,0,16
Fonctionnaire Territorial / Agent Technique,2,0
Fonctionnaire Territorial Categorie A Chef De Service,0,2
Fonctionnaire Territorial Categorie Achef De Service,0,1
Fonctionnaire Territoriale,0,4
Fonctionnaire Territoriale [Donnees Non Publiees],0,5
Fonctionnaire Territoriale En Retraite [Donnees Non Publiees],0,3
Fonctionnaire Titulaire Ingenieur Territorial [Donnees Non Publiees],0,2
"Fonctionnaire, Chargee De Clientele",0,1
Fondateur Et President,2,0
Fonds Pour L'Insertion Professionnelle Des Personnes En Situation De Handicap,1,0
Formateur / Enseignement Agricole Prive Sous Contrat,4,0
Formateur Activite Assainissement [Donnees Non Publiees],2,0
Formateur En Formation Continue,0,4
Formateur Informaticien [Donnees Non Publiees],1,0
Formateur Maths Et Sciences Physiques,3,0
Formation Continue D'Adultes,2,0
Formation En Langue Des Signes,0,1
Formation En Petite Enfance,0,1
Formation Professionnelle A Destination Des Jeunes Apprentis Du Campus Des Metiers De La Charente.,0,1
Formation Soins Infirmier A L'Ifsi [Donnees Non Publiees],0,1
Formatrice,0,16
Formatrice [Donnees Non Publiees],0,5
Formatrice En Communication,0,2
"Formatrice, Responsable Pedagogique",0,2
Founder And Managing Director,1,0
Frigoriste,2,0
Fromager,1,0
Galeriste [Donnees Non Publiees],0,1
Galieriste,0,3
Garde D'Enfants [Donnees Non Publiees],0,1
Gardien De La Paix,4,0
Gendarme,3,0
Gerant,39,5
Gerant [Donnees Non Publiees],3,0
Gerant Associe Exploitant Agricole,1,0
Gerant D'Un Commerce De Bouche/Bar,2,0
Gerant D'Une Agence De Conseil En Communication,1,0
Gerant D'Une Agence Immobiliere [Donnees Non Publiees],2,0
Gerant D'Une Entreprise De Batiment,1,0
Gerant D'Une Societe Dans La Restauration (Brasserie Traditionnelle),3,0
Gerant D'Une Societe De Prestations De Travaux Agricoles,3,0
Gerant D'Une Societe De Production Audiovisuelle - [Donnees Non Publiees],1,0
Gerant De Cette Exploitation Agricole [Donnees Non Publiees],1,0
Gerant De La Sarl,2,0
Gerant De La Sarl [Donnees Non Publiees],1,0
Gerant De La Societe,4,0
Gerant De La Societe De Bureau D'Etudes Dans Le Batiment,2,0
Gerant De La Societe Sarl [Donnees Non Publiees],2,0
Gerant De Pharmacie Selarl Du Marais,2,0
Gerant De Societe,0,1
Gerant De Societe Agent D'Usines Imprimerie Et Emballage,2,0
Gerant De Societee,1,0
Gerant Des Societes : [Donnees Non Publiees],1,0
Gerant Du Garage,3,0
Gerant Exploitation Agricole,3,0
Gerant Majoritaire,1,0
Gerant Majoritaire (Non Salarie) De La Societe [Donnees Non Publiees] Bureau D'Etude En Thermique Du Batiment.,2,0
Gerant Majoritaire D'Une Societe De Lavages Automobiles,4,0
Gerant Non Remunere,1,0
Gerant Non Salarie De La Societe [Donnees Non Publiees],1,0
Gerant Sarl Cmep [Donnees Non Publiees],0,2
Gerant Societe Avocat,2,0
Gerant Societe Conseil En Gestion Des Risques,1,0
Gerant.,2,0
Gerante,0,25
Gerante [Donnees Non Publiees],0,7
Gerante Bar Tabac,0,2
Gerante D'Une Exploitation Agricole,0,2
Gerante De [Donnees Non Publiees] Societe Immobiliere [Donnees Non Publiees],0,2
Gerante De Chambres D'Hotes,0,3
Gerante De L'Entreprise. [Donnees Non Publiees],0,1
Gerante De La Societe,0,2
Gerante De Sarl [Donnees Non Publiees],0,3
Gerante De Societe Garage De Reparation Automobile,0,1
Gerante De Societes Loueur En Meuble,0,1
Gerante Expert Comptable Commissaire Aux Comptes,0,2
Gerante Non Salariee,0,1
Gerante Pharmacie Officine,0,2
Gerante Societe,0,3
Gerante Strategie Commerciale,0,2
Gerante. Activite De Conseil De Gestion En Entreprise.,0,1
Gestion D'Equipements De Loisirs Et Evenementiel.,2,0
Gestion D'Hebergements Touristiques,0,2
Gestion De Meuble De Tourisme,0,2
Gestion De Son Parc Immobilier Et De Son Patrimoine Financier,0,4
Gestion Parc Immobilier,0,4
Gestionnaire,1,4
Gestionnaire - Agent Comptable,0,2
Gestionnaire [Donnees Non Publiees],0,1
Gestionnaire Achats Et Parc,0,1
Gestionnaire Clients,0,1
Gestionnaire Comptable [Donnees Non Publiees],0,1
Gestionnaire Comptable Du Lycee [Donnees Non Publiees],0,5
Gestionnaire D'Eple,0,1
Gestionnaire De Biens Locatifs,0,1
Gestionnaire De Comptes,0,2
Gestionnaire De Dossiers [Donnees Non Publiees],0,1
Gestionnaire De Patrimoine / Immobilier / Developpement Foncier,0,1
Gestionnaire De Sinistres,0,3
Gestionnaire De Sinistres / Materiels Automobiles.,0,2
Gestionnaire De Stock Salarie [Donnees Non Publiees],2,0
Gestionnaire Financier,0,2
Gestionnaire Materielle [Donnees Non Publiees],0,2
Gestionnaire Prive,2,0
Gestionnaire Ressources Humaines,0,2
Gestionnaire Scolarite,0,1
Gestionnaire Service Comptabilite,0,1
Gestionnaire Sinistre,0,1
Global Project Manager - Entreprise Specialisee Dans Le Gestion Des Voyages D'Affaires,0,1
Gouvernante,0,1
Grande Surface,0,2
Graphiste,0,8
Graphiste Polyvalente,0,5
Greffiere,0,1
Greffiere Des Services Judiciaires,0,1
Groupe Pharmaceutique Et Dermo-Cosmetique Charge Detudes De Marche,0,1
Guichettiere,0,2
Gynecologue,0,2
Haut-Fonctionnaire Du Ministere De L'Interieur,1,0
Head Of Communications,0,1
Historien De L'Architecture,2,0
Holding,3,0
Holding Societe De Marchand De Biens,0,1
Hopital Public.,0,3
Hotesse Accueil,0,2
Hotesse D'Accueil / Standardiste,0,1
Huissier,0,2
Huissier De Justice,0,4
Huissierdejustice,1,0
Ia-Ipr [Donnees Non Publiees],0,2
Ide,0,1
Immobilier,2,0
Immobilier Et Commerce De Detail (Vetements Et Decoration),0,2
Importation Et Distribution En Cote D'Ivoire De Produits De Para Pharmacie,0,2
Imprimerie,1,0
Infimiere,0,2
Infirmere Anesthesiste,0,1
Infirmier,6,4
Infirmier Diplome D'Etat,2,0
Infirmier En Soins Generaux [Donnees Non Publiees],1,0
Infirmier En Soins Generaux [Donnees Non Publiees] [Donnees Non Publiees],1,0
Infirmiere,0,46
Infirmiere [Donnees Non Publiees],0,5
Infirmiere [Donnees Non Publiees] A 80% (A Ete A 100% Durant La Periode De Crise Sanitaire),0,1
Infirmiere A Domicile,0,3
Infirmiere A La Retraite,0,1
Infirmiere Anesthesiste,0,1
Infirmiere Anesthesiste [Donnees Non Publiees],0,1
Infirmiere Coordinatrice [Donnees Non Publiees],0,3
Infirmiere De,0,7
Infirmiere De Bloc,0,2
Infirmiere De Bloc Operatoire,0,1
Infirmiere Diplomee D'Etat Liberale,0,2
Infirmiere En Sante Au Travail,0,4
Infirmiere Liberale,0,33
Infirmiere Liberale Diplomee D'Etat,0,1
Infirmiere Liberale Diplomee Detat A Domicile,0,1
Infirmiere Psychiatrique,0,3
Infirmiere Puericultrice [Donnees Non Publiees],0,4
Infirmiere Responsable Du Service [Donnees Non Publiees],0,1
Infirmiere Scolaire,0,5
Infirmiere Sociale,2,0
Infographiste,0,5
Informaticien,5,2
Ingenieur,24,8
Ingenieur - [Donnees Non Publiees],1,0
Ingenieur [Donnees Non Publiees],6,5
Ingenieur Architecte Reseau,1,0
Ingenieur Chercheur Au Ganil,0,1
Ingenieur Commercial,3,0
Ingenieur D'Etudes,3,2
Ingenieur Dans Le Domaine Des Technologies Medicales,4,0
Ingenieur Des Etudes Et Techniques D'Armement,0,3
Ingenieur Du Son Et Dj,2,0
Ingenieur En Genie Des Procedes (Pour Une Usine De Gaz),1,0
Ingenieur Hospitalier [Donnees Non Publiees],1,0
"Ingenieur Hospitalier, [Donnees Non Publiees]",1,0
Ingenieur Hydraulicien,1,0
Ingenieur Informatique,1,0
Ingenieur Informatique [Donnees Non Publiees],3,0
Ingenieur Rd Chef De Projet,2,0
"Ingenieur Rd, Chef De Projet",1,0
Ingenieur Sans Activite. Elu Local Depuis Le 4 Juillet 2020 (Ville De Saint-Denis Et Ept Plaine Commune),3,0
Ingenieur Telecom,2,0
Ingenieur Territorial,2,0
"Ingenieur Territorial, Charge De Mission [Donnees Non Publiees]",0,3
Ingenieur. [Donnees Non Publiees],1,0
Ingenieure [Donnees Non Publiees],0,1
Ingenieure D'Etude,0,1
Ingenieure Paysagiste [Donnees Non Publiees],0,2
Ingenieure Principale,0,2
Inpectrice Des Finances Publiques,0,1
Inspecteur,0,2
Inspecteur [Donnees Non Publiees],2,0
Inspecteur Du Recouvrement,1,0
Inspecteur General [Donnees Non Publiees],1,0
Inspectrice De L'Education Nationale,0,2
Inspectrice Des Finances Publiques,0,1
Inspectrice Du Travail,0,2
Inspectrice Eleve Du Travail,0,2
Installe En Liberal Pour Son Activite Dosteopathe Et Professeur Dans Une Ecole Formant Des Etudiants A Losteopathie,1,0
Instituteur,1,0
Institutrice,0,11
Institutrice Maternelle [Donnees Non Publiees],0,3
Instructeur Social,0,2
Instructrice [Donnees Non Publiees],0,2
Interim,0,1
Intermittent Du Spectacle,1,0
Intermittent Du Spectacle : Musicien Et Decorateur Dans Levenementiel,1,0
Intermittente Du Spectacle,1,3
Intermittente Du Spectacle [Donnees Non Publiees],0,1
Intermittente Du Spectacle.,0,2
Interne [Donnees Non Publiees],0,3
Interne En Medecine,0,3
Intervenante [Donnees Non Publiees],0,3
Intrvenante [Donnees Non Publiees],0,3
Investisseur,0,1
Journaliste,6,45
Journaliste / Productrice,0,1
Journaliste Et Autrice Independante.,0,2
Journaliste President Et Directeur Du Journal Le Petit Mag Lens Lievin Exploitant Agricole [Donnees Non Publiees],17,0
Journaliste Presse Documentaire,0,1
Journaliste Retraite,4,0
Journaliste Specialisee,0,2
Journaliste Sportive,0,5
Juge,0,3
Juriste,1,8
Juriste [Donnees Non Publiees],4,1
Juriste Auditeur Reviseur Realisation D'Audit De Revision Dans Les Societes Cooperatives Statut Cadre,0,1
Juriste Gestion De Sinistres Protection Juridique,0,1
Jury Concours,0,1
Kine,0,2
Kinesitherapeute,1,9
La Conjointe Est Actuellement A La Retraite,0,2
Laborantine,0,5
Lingere,0,1
Location D'Immeubles,0,2
Location De Biens Mobiliers Et Immobiliers,1,0
Location De Gites,0,1
Location De Meuble De Tourisme Non Professionnel,0,3
Location Immobiliere En Saisonnier Ou A L'Annee [Donnees Non Publiees],1,0
Location Salle De Reception,1,0
Location/Gestion D'Appartements Meubles,2,0
Logement Social,0,1
Logistique,6,0
Loueur Meuble [Donnees Non Publiees],0,1
Loueur Meuble Non Professionnel [Donnees Non Publiees],0,1
Luthier,1,0
Maconnerie Charpente,1,0
Magasin De Vetements,0,4
Magasinier,1,0
Magasinier Sav,1,0
Magistrat [Donnees Non Publiees],0,1
Magistrat Administratif,0,2
Magistrat Financier [Donnees Non Publiees],1,0
Magistrate,0,4
Maire,1,8
Maire [Donnees Non Publiees] Et Vice Presidente De La Communaute De Communes [Donnees Non Publiees],0,1
Maire De Lasse,1,0
Maire De Paris Vice-Presidente De La Mgp Presidente De La Societe De Livraison Des Ouvrages Olympiques Vice-Presidente Du Cojo Presidente De L'Aimf Presidente Du Conseil De Surveillance De L'Ap-Hp Membre Du C40 Cities Climate Leadership Group Co-Presidente De Cglu Membre De France Urbaine Membre De L'Amf,0,2
Maire Et Conseiller Departemental,0,2
Maison D'Hotes,0,2
Maison De Tante Bio,0,4
Maitre D'Equipage [Donnees Non Publiees],3,0
Maitre De Conference,0,2
Maitre De Conference En Sociologie,2,0
Maitre De Conference Et Praticien Hospitalier [Donnees Non Publiees],0,2
Maitre De Conferences,0,1
Maitre De Conferences Des Facultes De Droit,0,4
Maitredeconferences,0,1
Maitresse De Conference,0,2
Maitresse De Conferences,0,2
Management Villa,1,0
Manager [Donnees Non Publiees],0,3
Manager Commercial,0,4
Manager D'Equipe,0,1
Manager De Plateau D'Assistance En Telecommunication,3,0
Manager De Transition,3,0
"Manager, Salariee",0,2
Mandat Electif,0,2
Mandataire Financier Axa,1,0
Mandataire Immobilier,2,0
Mandataire Immobilier [Donnees Non Publiees],0,4
Mandataire Judiciaire A La Protection Des Majeurs,0,2
Mandataire Judiciaire A La Protection Des Majeurs [Donnees Non Publiees],0,1
Mandatairejudiciaire,0,1
Mandats Electifs : . Maire [Donnees Non Publiees] Vp De La Communaute Urbaine De Grand Besancon Metropole (Cugbm),1,0
Manipulatrice [Donnees Non Publiees],0,1
Manutention Portuaire,1,0
Manutentionnaire,0,2
Marin Pecheur,2,0
Masseur Kinesitherapeute,1,7
Masseur Kinesitherapeute De,2,0
Masseur Kinesitherapeuyr,2,0
Masseur-Kinesitherapeute,4,4
Masseur-Kinesitherapeute Salariee,0,2
Mecanicien,2,0
Mecanicien Automobile,3,0
Mecanique De Precision Charge D Etablir Les Prix Des Pieces A Usine,2,0
Med Du Travail,0,1
Medecin,12,8
Medecin [Donnees Non Publiees],3,8
Medecin Angiologue,0,3
Medecin Cardiologue A Temps Partiel,1,0
Medecin De Travail,0,2
Medecin Dermatologue,0,1
Medecin Des Usagers,2,0
Medecin Du Sport [Donnees Non Publiees],2,0
Medecin Du Travail,1,3
Medecin Endocrinologue,0,1
Medecin Generaliste,12,16
Medecin Generaliste Conventionne,1,0
Medecin Generaliste Liberal,1,0
Medecin Generaliste Secteur1,2,0
Medecin Generaliste Specialise Dans Les Urgences Et Les Traumatismes.,0,1
Medecin Geriatre - Chef De Service.,0,1
Medecin Hospitalier,1,6
Medecin Liberal,1,0
Medecin Liberal Specialiste [Donnees Non Publiees],0,1
Medecin Ophtalmologiste,3,0
Medecin Pediatre,0,2
Medecin Pneumologue,4,0
Medecin Psychiatre,1,1
Medecin Radiologue,1,2
Medecin Regulateur Pour Les Generalistes Au Centre 15 De La Vendee (Regulation Telephonique ),1,0
Medecin Retraite,0,1
Medecin Rhumatologue Liberal,1,0
Medecin Scolaire,0,1
Medecin Specialiste,1,0
Medecin Specialiste En Imagerie Medicale,0,2
Medecin Specialiste Gastro-Enterologue,2,0
Medecine Generale,1,1
Medecine Gynecologique,0,1
Medecingeneraliste,1,0
Mediatrice Familiale,0,1
Membre De L Equipe Des Affaires Publiques Chez Google France.,0,2
Membre De La Police Aux Frontieres,0,1
Membre Du Ca,2,0
Membre Du Comite,1,0
Membre Du Comite De Selection,1,0
Membre Du Comite Des Actionnaires,2,0
Membre Du Comite Strategique,1,0
Membre Du Conseil D'Administration,2,23
Membre Du Conseil De Fondation,1,0
Membre Du Conseil De Surveillance De Unibail Rodamco Westfiels Vice-Presidente Du Conseil D'Administration Du Groupe Banijay Membre Du Conseil D'Administration De La Sa Goodgrower,0,2
Menuiserie,4,0
Menuiserie Alu,4,0
Menuiserie-- -Ebenisterie,3,0
Menuisier,1,0
Micro Entrepreneur,0,2
"Micro Entreprise , Conseil En Intelligence Economique",1,0
Militaire De Carriere,2,0
Mission D'Interim En Tant Qu'Agent Administratif [Donnees Non Publiees],0,1
Missions D'Interim,0,2
Moniteur D'Atelier,2,0
Moniteur De Ski Et Guide De Haute Montagne,2,0
Monitrice De Ski (Hiver) Accueil Bureau Des Guides (Ete),0,2
Monteur Soudeur,3,0
Musicien,4,0
Musicien - Pianiste - Accordeoniste,2,0
Musicien [Donnees Non Publiees],1,0
Musicien Et Regisseur Technique,1,0
Naturopathe,0,1
Nautisme (Courtage / Contrats De Location Et Commercialisation De Bateaux),0,1
Neant,266,649
Neant (Retraite),1,0
Neant Retraite,2,0
Neant Retraitee,0,3
Neantretraite,1,0
Negoce De Porcs,2,0
Negoce Materiaux,0,1
Negociateur Immobilier,1,0
Negociatrice Immobilier,0,2
Nettoyage Batiment,5,0
Neurologue,2,0
Notaire,0,14
Notaire [Donnees Non Publiees],3,0
Notaire Assistant,0,1
Notaire Assistant Salarie,0,2
Notaire Associe,1,0
Notaire Associe [Donnees Non Publiees],3,0
Notaire Associe Etude : [Donnees Non Publiees],1,0
Notaire Salariee,0,1
Office Manager,0,2
Office Public Hlm De Laude [Donnees Non Publiees],0,1
"Office Public Hlm De Laude, [Donnees Non Publiees]",0,1
Officier,2,0
Officier [Donnees Non Publiees],2,0
Officier De Carriere,2,0
Officier De Marine,4,0
Officier De Police,1,0
Officier Pilote De Ligne,0,2
Operateur [Donnees Non Publiees],1,0
Operateur Assistance,0,3
Operateur Commande Numerique.,1,0
Operateur En Horlogerie,0,1
Operateur Logistique,1,0
Operateur Pao,1,0
Opticienne Diplomee [Donnees Non Publiees],0,1
Opticienne-Directrice De Magasin,0,3
Orthophoniste,0,7
Orthophoniste [Donnees Non Publiees],0,2
Orthophoniste En Cabinet Liberal,0,1
Orthophoniste En Liberal Et A Lhopital [Donnees Non Publiees],0,1
Orthophoniste En Structure D'Accueil Pour Enfants Handicapes,0,2
Orthoptiste,0,1
Osteopathe,1,2
Ouvrier Manoeuvre Dans Le Btp,1,0
Ouvrier Niveau Ii [Donnees Non Publiees],3,0
Ouvrier Operateur D'Exploitation [Donnees Non Publiees],2,0
Ouvrier P 2Eme Classe,1,0
Ouvrier Specialise Dans La Metallurgie,1,0
Participation,2,0
Participation A Hauteur De 34% Dans La Sarl [Donnees Non Publiees] Aucune Remuneration,1,0
Partner,0,1
Pas D'Activite,0,3
Pas D'Activite Professionnelle,0,5
Pas De Conjoint,1,0
Patronne Et Ecrivain,0,2
Paysan,1,0
Pdg,1,0
Pdg Climatisation,1,0
Pdg De Cette Sas [Donnees Non Publiees],1,0
Pdg Dun Camping Familial,0,1
Pediatre Liberal,1,0
Pedicure-Podologue,0,2
Pedicure-Podologue En Activite Liberale,0,2
Pedopsychiatre Praticien Hospitalier,0,2
Peinture,2,0
Peinture Murale Et Decorative,0,1
Pension De Famille,0,2
Personnel De Direction,4,3
Personnel De Direction D'Un College,0,2
Personnel De Direction Education Nationale,2,0
Personnelle De Cuisine,0,2
Pharmacie,1,4
Pharmacien,1,7
Pharmacien [Donnees Non Publiees],0,2
Pharmacien [Donnees Non Publiees] Officine De Cherveux,3,0
Pharmacien Adjoint,0,1
Pharmacien Des Hopitaux,0,1
Pharmacien Titulaire [Donnees Non Publiees],0,4
Pharmacien Titulaire [Donnees Non Publiees] [Donnees Non Publiees],0,1
Pharmacien Titulaire D'Officine,1,0
Pharmacien Titulaire D'Une Officine De Pharmacie,0,3
Pharmacienne,0,7
Pharmacienne [Donnees Non Publiees],0,1
Pharmacienne A [Donnees Non Publiees],0,1
Pharmacienne Liberale,0,1
Photographe Documentariste,1,0
"Photographe, Realisateurproducteur Audiovisuel",1,0
"Photographe, Realisatrice De Documentaires",0,1
"Photographe, Realisatrice De Documentaires, Agence Artistique [Donnees Non Publiees]",0,3
Physicienne,0,1
Pilote Maia,0,2
Plomberie. [Donnees Non Publiees],3,0
Plombier,2,0
Plombier [Donnees Non Publiees],2,0
Plombier-Chauffagiste,2,0
Podologue,2,0
Police Aux Frontieres,0,1
Policier,1,0
Policiere Territoriale,0,1
Pompier Professionnel,1,0
Prag,0,1
Praticien Hospitalier,1,10
Praticienne Hospitaliere Et Maitresse De Conference Des Universites,0,1
Pre Retraite,0,1
Precedemment Agriculteur Exploitant,2,0
Prefet De Departement,4,0
Prefete [Donnees Non Publiees],0,1
Preparatrice,0,1
Preparatrice Commandes,0,1
Preparatrice En Pharmacie,0,6
Preparatrice En Pharmacie Hospitaliere,0,4
President,7,2
President [Donnees Non Publiees],2,0
President [Donnees Non Publiees] [Donnees Non Publiees] Bourgmestre De Charleroi [Donnees Non Publiees],1,0
President D'Une Societe De Formation [Donnees Non Publiees],1,0
President De Abe Consulting,1,0
"President De Cette Sasu, [Donnees Non Publiees]",1,0
President De Cette Societe Qui A Pour Activite Le Conseil En Gestion De Patrimoine,3,0
President De La Sas [Donnees Non Publiees] . Statut De Commercant (Bar A Vin).,0,1
President De La Sas [Donnees Non Publiees] Statut De Commercant (Bar A Vin).,0,1
President De La Societe Victory,1,0
President Directeur General,6,0
President Du Centre Scientifique [Donnees Non Publiees],3,0
President Executif - Aluminium,2,0
President Societe Production De Biogaz,3,0
President Su Conseil D'Administration Depuis 2019,2,0
"President, Participation Aux Activites De Conseil En Management",1,0
Presidente,0,15
Presidente [Donnees Non Publiees],0,3
Presidente Benevole,0,2
Presidente Bureau D'Etudes Economie De La Construction,0,2
Presidente De L'Association,0,1
Presidente De La Societe Commerciale D'Activites Hotelieres Et Para-Hotelieres.,0,4
Presidente De Sas Mojo Conseils,0,1
Presidente Du Conseil D'Administration,0,7
Presidente Et Directrice Generale [Donnees Non Publiees],0,1
Prestation D'Enseignement De Tennis,2,0
Prestations Culturelles Et Associatives,0,2
Prestations Dans Le Domaine Culturel : Cours De Theatre Metteuse En Scene Et Aminatrice Culturelle,0,2
"Prestations Dans Le Domaine Culturel : Cours De Theatre, Metteuse En Scene Et Aminatrice Culturelle",0,2
"Prestations De Conseil Pour Societes Industrielles Et D'Investissement, Principalement Dans Le Secteur De L'Energie",1,0
Prestations De Service,0,1
Prestations De Traduction,0,2
Pret A Porter,0,2
Principal D'Un College,2,0
Principal Du College [Donnees Non Publiees],1,0
Principale Adjointe De College,0,2
Principale De College [Donnees Non Publiees],0,1
Principale-Adjointe [Donnees Non Publiees],0,2
Product Line Manager : [Donnees Non Publiees],2,0
Product Line Manager [Donnees Non Publiees],2,0
Producteur,2,0
Production Audioviduelle,0,2
Production Cinematographique,0,2
Prof De Lycee Pro,0,2
Prof De Svt,0,1
Professeur,7,23
Professeur 2Nd Degre,1,0
Professeur [Donnees Non Publiees],2,6
Professeur [Donnees Non Publiees] Conservatoire Grand Angouleme,0,2
Professeur [Donnees Non Publiees] De Sciences Economiques Et Sociales [Donnees Non Publiees],0,2
Professeur Agrege,0,4
Professeur Agrege De Classes Preparatoires Aux Grandes Ecoles,1,0
Professeur Agregee De Lettres Classiques,0,1
Professeur Certifie,0,3
Professeur Certifie D'Histoire Geographie,0,1
Professeur Certifie D'Histoire Geographie [Donnees Non Publiees],0,1
Professeur Certifie D'Histoire-Geographie,2,0
Professeur Certifie De Physique Et Chimie,3,0
Professeur Certifie Dhistoire- Geographie,0,2
"Professeur Certifiee De Sciences Economiques Et Sociales,",0,1
Professeur Certifiee Stg Bts,0,2
"Professeur Certifiee, Hors Classe",0,1
Professeur College,0,2
Professeur D Education Physique Et Sportive. [Donnees Non Publiees],0,1
Professeur D'Allemand,0,2
Professeur D'Allemand [Donnees Non Publiees],0,4
Professeur D'Anglais,0,3
Professeur D'Arts Plastiques,0,3
Professeur D'Economie,0,1
Professeur D'Enseignement Artistique [Donnees Non Publiees],5,0
Professeur D'Eps,0,2
Professeur D'Eps Certifiee,0,1
Professeur D'Eps Dans Un College,0,2
Professeur D'Espagnol,0,2
Professeur D'Histoire - Geographie,0,1
Professeur D'Histoire Et Geographie,0,2
Professeur D'Histoire-Geographie,2,2
Professeur D'Histoire-Geographie [Donnees Non Publiees],0,1
Professeur D'Histoire-Geographie En Lycee,0,1
Professeur De College,0,1
Professeur De Collegearts Plastiques,0,1
Professeur De Danse,1,4
Professeur De Francais,0,1
Professeur De Francais [Donnees Non Publiees],0,2
Professeur De Francais En College,0,2
Professeur De L'Enseignement Secondaire,0,3
Professeur De Langues,0,2
Professeur De Lettres,0,2
Professeur De Lettres Modernes,0,2
Professeur De Lettres Modernes / College,0,1
Professeur De Lettres Modernes En College.,0,1
Professeur De Lycee,0,3
Professeur De Lycee [Donnees Non Publiees],1,0
Professeur De Lycee Agricole,0,1
Professeur De Lycee Professionnel,2,0
Professeur De Philosophie,0,2
Professeur De Philosophie [Donnees Non Publiees],1,0
Professeur De Physique Chimie,0,5
Professeur De Physique Chimie [Donnees Non Publiees],3,0
Professeur De Sport,0,3
Professeur De Yoga,0,2
Professeur Deducation Physique Et Sportive. [Donnees Non Publiees],0,2
"Professeur Deducation Physique Et Sportive. Activite Complementaire Dautoentrepreneur A Compter Du Mois De Mai 2019, Dument Autorisee Par Les Services De Leducation Nationale Au Titre Des Cumuls.",0,1
Professeur Des Ecole Dans Le 1Er Degres,2,0
Professeur Des Ecoles,7,126
Professeur Des Ecoles (Directrice D'Ecole),0,1
Professeur Des Ecoles - [Donnees Non Publiees],0,1
Professeur Des Ecoles - Conseillere Pedagogique Departementale,0,3
Professeur Des Ecoles [Donnees Non Publiees],0,5
Professeur Des Ecoles Et Directrice D'Ecole,0,2
Professeur Des Ecoles Et Directrice Maternelle,0,3
Professeur Des Ecoles Hors Classe,0,2
Professeur Des Ecoles Specialise En Ulis Au College [Donnees Non Publiees],0,1
Professeur Des Ecoles Stagiaire,1,0
Professeur Des Ecoles(Er),0,2
"Professeur Des Ecoles, [Donnees Non Publiees]",0,2
"Professeur Des Ecoles, Directrice Decole",0,2
Professeur Des Ecolesdirectrice,0,1
Professeur Des Universites,1,0
Professeur Des Universites - Praticien Hospitalier,0,2
Professeur Des Universites [Donnees Non Publiees],0,2
"Professeur Des Universites, Chercheur [Donnees Non Publiees]",1,0
Professeur Des Universites-Praticien Hospitalier,0,1
Professeur Documentaliste,0,5
Professeur Du Secondaire,2,0
Professeur En Lycee Technique,0,1
Professeur Liberal De Yoga,0,2
Professeur Mathematique,0,1
Professeur Retraitee,0,2
Professeur Vacataire,0,4
Professeur Vacataire A Ensicaen- Itii24H De Cours Par An En Ecole D'Ingenieur,0,1
Professeurcertifie,2,0
Professeure,0,7
Professeure [Donnees Non Publiees],0,5
Professeure Agregee Du Second Degre [Donnees Non Publiees],0,1
Professeure Certifie,0,1
Professeure Certifiee D'Histoire-Geographie,0,1
Professeure Certifiee De Francais En Lycee,0,1
Professeure Certifiee De Lettres Modernes,0,2
Professeure D'Histoire-Geographie,0,2
Professeure Dans Le Secondaire,0,1
Professeure De Lettres Histoire,0,1
Professeure De Mathematiques / Physique-Chimie En Lycee Professionnel,0,3
Professeure De Yoga,0,2
Professeure Des Ecoles,2,44
Professeure Des Universites En Histoire Contemporaine [Donnees Non Publiees],2,0
Professeure Documentaliste,0,2
Profession Exercee Dans Un Cadre Liberal,0,2
Profession Liberale,0,3
Programmateur Informatique,1,0
Project Manager,4,0
Prothesiste Dentaire,1,0
Proviseur De Lycee,4,0
Proviseure Adjointe,0,2
Psychiatre Attachee En Tabacologie Et Expert De Justice [Donnees Non Publiees],0,1
Psychiatre Attachee En Tabacologie Et Expert De Justice [Donnees Non Publiees] [Donnees Non Publiees],0,1
Psycho-Pedagogue,0,2
Psychologue,0,25
Psychologue - Psychotherapeute,1,0
Psychologue [Donnees Non Publiees],0,3
Psychologue Clinicienne,0,6
Psychologue Clinicienne [Donnees Non Publiees],0,2
Psychologue Clinicienne Liberale [Donnees Non Publiees],0,2
Psychologue En Liberal,0,2
Psychomotricienne,0,2
Psychotherapeute,0,2
Pu-Ph [Donnees Non Publiees] Faculte De Pharmacie [Donnees Non Publiees],3,0
Puph Radio-Pediatrie [Donnees Non Publiees],2,0
Qse /Charge D'Affaires,3,0
Radiologue,2,0
Ras,2,0
Realisation D'Elements En Beton,1,0
Realisation D'Evaluations Et D'Audits En Tant Qu'Auto Entrepreneur,2,0
Redacteur,0,2
Redacteur En Chef Adjoint [Donnees Non Publiees],2,0
Redacteur Principal,0,2
Redacteur Principal [Donnees Non Publiees],0,3
Redacteur Territorial,0,2
Redacteur Territorial [Donnees Non Publiees] Conseil Departemental Des Ardennes,0,1
Redacteur Territorial [Donnees Non Publiees] Du [Donnees Non Publiees] Conseil Departemental Des Ardennes,0,1
Redaction Et Interpretariat,0,2
Redactrice,0,3
Redactrice Territoriale [Donnees Non Publiees],0,1
Reeducatrice Au Geste D'Ecriture,0,2
Referent Association Soins Palliatifs,0,1
Referent Comptable,0,2
Reflexologie Plantaire,0,2
Regisseur,1,0
Regisseur Dans Le Cinema Sous Statut D'Intermittent Du Spectacle. Employeurs Variables.,1,0
Regisseur De La Pisciculture Federale De Maulevrier Sainte Gertrude (76),2,0
Releveur De Compteurs,3,0
Relieur,1,0
Representant,1,4
Responasble De Maintenance Et De Travaux Neufs,1,0
Responsable [Donnees Non Publiees],25,34
Responsable [Donnees Non Publiees] - [Donnees Non Publiees],0,2
Responsable [Donnees Non Publiees] - Cadre,0,1
Responsable [Donnees Non Publiees] Fonctionnaire Categorie A,0,1
Responsable Accueil,0,1
Responsable Achats,2,2
Responsable Achats Et Parc Materiel,2,0
Responsable Administratif Et Financier,2,2
Responsable Administratif Et Financier [Donnees Non Publiees],1,0
Responsable Administratif Et Financier D'Une Entreprise De Clotures De Moins De 10 Salaries,0,2
Responsable Administration [Donnees Non Publiees],1,0
Responsable Administrative,2,1
Responsable Administrative Gere L'Administratif Et Les Rh Statut Cadre,0,2
Responsable Approvisionnement Et Stocks,0,2
Responsable Aps College,0,1
Responsable Atelier [Donnees Non Publiees],1,0
Responsable Centre De Services,2,0
Responsable Clientele Particulier,0,1
Responsable Commercial,0,3
Responsable Commercial [Donnees Non Publiees],1,0
Responsable Commerciale,0,2
Responsable Conseils Juridiques. [Donnees Non Publiees],0,8
Responsable D Equipe,0,3
Responsable D Equipe Controle,1,0
Responsable D'Affaires [Donnees Non Publiees],0,1
Responsable D'Agence,0,2
Responsable D'Antenne De Saint Laurent,1,0
Responsable D'Equipe,2,2
Responsable D'Equipe Aide Sociale,0,1
Responsable D'Etablissement,2,0
Responsable D'Exploitation Agricole,3,0
Responsable D'Un Centre De Prevention Et D'Examens De Sante,0,1
Responsable D'Une Societe D'Interim,0,1
Responsable De [Donnees Non Publiees],0,2
Responsable De Centre,2,0
Responsable De Communication,0,3
Responsable De Developpement Grands Comptes,0,1
Responsable De Division [Donnees Non Publiees],0,2
Responsable De La Branche [Donnees Non Publiees],1,0
Responsable De La Communication,0,1
Responsable De La Pastorale,0,2
Responsable De Laboratoire,0,2
Responsable De Magasin,0,3
Responsable De Pole,2,0
Responsable De Projets [Donnees Non Publiees],0,1
Responsable De Rayon,0,2
Responsable De Service [Donnees Non Publiees],0,2
Responsable Departement [Donnees Non Publiees],2,0
Responsable Des Agrements,0,1
Responsable Des Instances [Donnees Non Publiees],0,2
Responsable Developpement Fruits Secs,0,2
Responsable Du [Donnees Non Publiees],1,0
Responsable Du Developpement,1,0
Responsable Du Pole [Donnees Non Publiees],0,4
Responsable Du Service [Donnees Non Publiees],3,7
Responsable Du Service Apres Vente [Donnees Non Publiees],0,2
"Responsable Du Service Reseaux Et Developpement, Cadre",1,0
Responsable Encadrement Pedagogique,0,2
Responsable Gestion Dossier Production,0,1
Responsable Immobilier [Donnees Non Publiees],0,2
Responsable Logistique,1,0
Responsable Magasin Pret A Porter [Donnees Non Publiees],0,1
Responsable Marketing [Donnees Non Publiees],0,1
Responsable Mediatheque,0,1
Responsable Medical Regional,0,2
Responsable Mission Jeunesse,0,4
"Responsable Nologie, Marketing Et Communication",0,1
Responsable P [Donnees Non Publiees],0,1
Responsable Petite Enfance,0,1
Responsable Pole Habitat,0,3
Responsable Projets [Donnees Non Publiees],2,0
Responsable Qualite,1,2
Responsable Qualite Fournisseurs,1,0
Responsable Regional [Donnees Non Publiees],1,0
Responsable Rh,0,4
Responsable Securite,0,2
Responsable Technique,0,2
Responsable Technique En Museologie,3,0
Responsable Unite Juridique Environnement,2,0
Restaurant,2,0
Restaurant Mc Donald Restauration Rapide,0,2
Restaurateur,3,0
Restauration,3,1
Restauration Rapide,1,0
Restauratrice,0,1
Retaite,2,1
Retraiitee,0,1
Retrairee,0,1
Retraite,146,42
Retraite [Donnees Non Publiees],8,5
Retraite Architecte Et Mi Temps Architecte A L'Agence [Donnees Non Publiees],1,0
Retraite D'Exploitant Agricole,2,0
Retraite De L'Education Nationale [Donnees Non Publiees],1,0
Retraite De L'Education Nationale.,3,0
Retraite De La Fonction Publique,0,2
Retraite De La Fonction Publique Territoriale,3,0
Retraite De La Societe Taxis Cousin,4,0
Retraite Du Regime General De La Securite Sociale,2,0
Retraite Eps,1,0
Retraite Fonction Territoriale,2,0
Retraite Militaire [Donnees Non Publiees],1,0
Retraite Neant,3,0
Retraite Sans Activite,0,1
Retraite Sncf,1,0
"Retraite, [Donnees Non Publiees]",2,0
"Retraite, Professeur Des Ecoles",1,0
Retraitee,1,197
Retraitee [Donnees Non Publiees],0,12
Retraitee Agricole,0,3
Retraitee De L'Agriculture,0,3
Retraitee De L'Education Nationale,0,10
Retraitee De L'Enseignement,0,4
Retraitee Depuis Le 1Er Mars 2013,0,1
Retraitee Education Nationale,0,2
Retraitee Fonction Publique,0,2
Retraitee Neant,0,1
Retraitee Professeur Des Ecoles,0,2
Retraiteeneant,0,1
Retraiteneant,2,0
"Role D'Atsem, S'Occupe Du Periscolaire, Menage",0,1
Saariee D'Une Activite De Tourisme,0,2
Saenes,0,2
Sage Femme [Donnees Non Publiees],0,2
Sage-Femme,0,2
Sage-Femme Liberale,0,2
Salarie,3,3
Salarie Assistante Administrative,0,1
Salarie Dans Une Fromagerie,2,0
Salariee,0,6
Salariee [Donnees Non Publiees],0,3
Salariee [Donnees Non Publiees] Neno [Donnees Non Publiees],0,1
Salariee A Temps Partiel Animatrice En Residence D'Accueil,0,2
Salariee Cabinet D'Avocat,0,3
Salariee Comptable,0,2
Salariee D'Elevage Et Administratif,0,2
Salariee Depuis 2005 Puis Cogerante Depuis Le 1Er Mars 2021.,0,2
Salariee Depuis Le 1Er Avril 2021,0,5
Salariee En R&D,0,1
Salariee Responsable De La France Services Du Champsaur Valgaudemar,0,2
Salariee Responsable De La Maison De Services Au Public Du Champsaur Valgaudemar,0,1
Salariee Secretariat,0,2
Salon De Beaute,0,1
Salon De Coiffure,0,2
Sans,4,17
Sans Activite,0,2
Sans Activite A La Date De L'Election,0,1
Sans Activite Professionnelle,0,1
Sans Activites,0,2
Sans Activites [Donnees Non Publiees],0,2
Sans Emploi,1,4
Sans Emploi [Donnees Non Publiees],0,2
Sans Objet,0,1
Sans Profession,0,3
Sans Professsion,0,1
Sansprofession,0,1
Sapeur Pompier,4,0
Sapeur Pompier Professionnel,1,0
Sarl [Donnees Non Publiees],0,3
Sarl [Donnees Non Publiees] : Location D'Ecrans Plein Jour,2,0
"Sarl Le Petit Quai [Donnees Non Publiees] Commercialisation Au Detail De Vins, De Bieres, De Boisons Non Alcoolises, De Produits D'Epicerie Fine Frais Ou Secs Et De Plats Cuisines En Bocaux.",0,3
Sarl. Activite Exercee: Securite Privee,1,0
Sarl.Activite Exercee: Securite Privee,1,0
Sas Courtin [Donnees Non Publiees],2,0
Sasu [Donnees Non Publiees],2,0
Sauvegarde Et Promotions Des Races Animales Bretonnes A Petits Effectifs,2,0
Sci [Donnees Non Publiees] : Locations De Locaux Commerciaux,2,0
Secraitaire Medicale,0,2
Secretaire,0,47
Secretaire [Donnees Non Publiees],0,8
Secretaire Administratif,0,1
Secretaire Administratif [Donnees Non Publiees],2,0
Secretaire Administrative,0,2
Secretaire Administrative [Donnees Non Publiees],0,1
Secretaire Administrative Dans Un Lycee,0,1
Secretaire Administrative De Classe Normale,0,1
Secretaire Administrative Et Comptable,0,3
Secretaire Administrative Prefecture Val D Oise,0,2
Secretaire Aux Elus,0,1
Secretaire Commerciale,0,2
Secretaire Comptable,0,5
Secretaire Comptable Et Medicale,0,2
Secretaire D'Accueil,0,1
Secretaire D'Edition,0,2
Secretaire De Direction,0,3
Secretaire De Mairie,0,6
Secretaire General En Lycee [Donnees Non Publiees],0,1
Secretaire Generale,0,8
Secretaire Generale Adjointe [Donnees Non Publiees],0,3
Secretaire Generale Benevole,0,2
Secretaire Generale Du Pole [Donnees Non Publiees],0,2
Secretaire Juridique,0,3
Secretaire Medicale,0,28
Secretaire Medicale [Donnees Non Publiees],0,7
Secretaire Redactrice,0,1
Secretariat,0,5
Secretariat Administratif,0,1
Secretariat Comptabilite A Temps Partiel,0,2
Securite Sociale,0,1
Senateur,5,0
Senatrice,0,4
Senior Business Analyst [Donnees Non Publiees],1,0
Senior Compliance Officer [Donnees Non Publiees],2,0
Senior Key Account Manager,0,2
Senior Manager Affaires Institutionnelles [Donnees Non Publiees],0,1
Senior Manager Affaires Institutionnelles Chez [Donnees Non Publiees],0,1
Senior Vice President [Donnees Non Publiees],4,0
Serveur,1,0
Serveuse,0,2
Service A La Personne,0,1
Service Ressources Humaines Des Ecoles. [Donnees Non Publiees],0,2
Services A La Personne,0,2
Servises A La Personne Et Aide Domicile,0,1
Sip Agent D'Administration [Donnees Non Publiees],0,1
Societe D'Economie Mixte,0,2
Societe D'Investissement,0,3
Societe D'Investissements Et De Participations,2,0
Societe De Conseil [Donnees Non Publiees],1,0
Societe De Conseil En Communication Et Relations Publiques,0,1
Societe De Vente Et Reparations De Groupes Frigorifiques,0,2
Societe Detenant Deux Offices Notariaux,0,4
Sociologue,0,2
Soins Esthetiques,0,2
Sondage Minier,1,0
Sophrologue,0,2
Soudeur,5,0
Sous Directrice [Donnees Non Publiees],0,2
Sous Prefet,2,0
Sousdirectrice,0,1
Soutien Au Spectacle Vivant Evenementiel,1,0
Specialiste En Endocrinologie Installee En Liberal Et Hospitaliere,0,2
Stagiaire Ingenieur D'Etudes [Donnees Non Publiees],0,1
Superviseur Vfx,2,0
Support Avant-Vente [Donnees Non Publiees],1,0
Support It,2,0
Surveillance Et Maintenance Chaudiere,1,0
Surveillant Penitentiaire,3,0
Tapissiere,0,1
Technicie,1,0
Technicien,7,0
Technicien [Donnees Non Publiees],3,2
Technicien Comptable,0,1
Technicien Conseil [Donnees Non Publiees],0,2
Technicien Consultant Paie,2,0
Technicien D'Atelier,1,0
Technicien D'Etudes [Donnees Non Publiees],1,0
Technicien D'Intervention,1,0
Technicien De Laboratoire [Donnees Non Publiees],1,0
Technicien De Maintenance Informatique,1,0
Technicien De Stand,2,0
Technicien Informatique,2,0
Technicien Methode,2,0
Technicien Methodes,1,0
Technicien Prestation.,0,1
Technicien Qualite,2,0
Technicien Sav,2,0
Technicien Superieur,2,0
Technicien Superieur [Donnees Non Publiees],2,0
Technicien Territorial - [Donnees Non Publiees],1,0
Technicienne,0,3
Technicienne [Donnees Non Publiees],0,1
Technicienne Assurances [Donnees Non Publiees],0,1
Technicienne Assurances. [Donnees Non Publiees],0,2
Technicienne De Laboratoire,0,9
Technicienne De Laboratoire D'Analyses Medicales,0,1
Technicienne Du Sommeil Independante.,0,2
Technicienne En Imagerie Medicale,0,1
Technicienne En Radiologie Medicale,0,1
Technicienne Qualite,0,2
Technico Commercial,0,1
Technico Commercial [Donnees Non Publiees],1,0
Technico-Commercial,3,0
Technico-Commercial [Donnees Non Publiees],1,0
Teleconseillere,0,1
Teleconseillere Agent Service Commercial,0,2
Tns Concepteur En Emballage Et Conception D'Emballage,1,0
Traductrice Psychotherapeute,0,3
Traiteur,1,0
Traiteur 45% Des Parts,1,0
Transaction Immobiliere,0,3
Transport,1,0
"Transport De Marchandise De Plus De 3,5 T",0,1
Transport De Voyageurs Et Pompes Funebres,1,0
"Transport En Commun, Responsable D'Unite.",0,2
Travailleur Social,0,2
Travaux Administratifs Et Participation Aux Travaux D'Elevage,0,2
"Travaux De Finition Location De Logement Traduction Interpretariat Photocopie, Preparation De Documents Et Autres Activites Specialisees De Soutien De Bureau",2,0
Travaux Publics Artisan,1,0
Tresoriere Benevole,0,1
Urbaniste,2,0
Urbaniste-Chargee D'Etudes Principale,0,2
Urgences Medicales A Domicile En Liberal Urgences A L'Hopital En Salariee,0,2
Usine Pate A Papier,2,0
Vacataire Pour Le Theatre De Brest. [Donnees Non Publiees],0,2
Vaguemestre [Donnees Non Publiees],2,0
Vendeur,1,3
Vendeur [Donnees Non Publiees],2,0
Vendeuse,0,8
Vendeuse A Domicile,0,1
Vendeuse Commerce Electromenager [Donnees Non Publiees],0,1
Vendeuse De Meuble Et Decoration,0,1
Vendeuse En Boulangerie,0,1
Vendeuse En Librairie,0,2
Vendeuse Magasin Boulangerie Patisserie,0,2
Vente De Biens Immobiliers,1,0
Vente De Materiels De Loisir (Mobiliers Exterieurs Et Materiels Sportifs),0,1
Vente De Pret A Porter Et Accessoires,1,0
"Vente De Recompenses Sportives (Trophees, Medailles...)",2,0
Vente De Vetements Au Detail Pour Femmes.,0,1
Vente De Vins,0,3
Vente Et Entretien Deoliennes,2,0
Verification De Situation Fiscale Personnelle,0,2
Verrier,2,0
Veterinaire,8,6
Veterinaire Liberal,2,0
Veterinaire Salariee,0,3
Vice-President De La Metropole Nice [Donnees Non Publiees],1,0
Vice-Presidente,0,2
Vice-Presidente Du Gie,0,1
"Vice-Presidente Du Syndicat Mixte ""Ouvert"" Dont La Mission Principale Consiste A Deployer Un Reseau D'Infrastructure Numerique Sur Le Departement De La Somme",0,1
Vice-Presidente En Charge De L Intelligence Des Territoires Et De L Innovation Depuis 2020,0,1
Vice-Procureur De La Republique [Donnees Non Publiees],0,1
Visiteuse Medicale,0,3
Viticulteur,8,0
Viticultrice,0,4
Viticulture,1,0
Vp Energy Transition Research,2,0
Vrp,0,2
